Date,S.No,Symbol,Conf.,Open,High,Low,Close,VWAP,Vol,Prev. Close,Turnover,Trans.,Diff,Range,Diff %,Range %,VWAP %,52 Weeks High,52 Weeks Low,120 Days,180 Days
2021/10/28,119,NICA,61.9,870.0,876.0,855.0,871.0,863.53,"199,592.00",870.00,"172,354,595.50",641,1.0,21.0,0.11,2.46,0.86,"1,085.00",605.00,,
2021/10/31,123,NICA,63.57,871.0,902.1,856.0,893.0,884.68,"222,689.00",871.00,"197,009,125.60",838,22.00,46.10,2.53,5.39,0.93,"1,085.00",605.00,,
2021/11/01,121,NICA,63.96,910.0,910.0,870.0,874.0,887.78,"133,727.00",893.00,"118,720,635.40",775,-19.0,40.0,-2.13,4.6,-1.58,"1,085.00",605.00,,
2021/11/02,126,NICA,47.73,890.0,890.0,865.0,869.0,872.47,"62,963.00",874.00,"54,933,045.20",446,-5.0,25.0,-0.57,2.89,-0.4,"1,085.00",605.00,,
2021/11/03,122,NICA,48.08,886.0,886.0,866.0,869.9,870.18,"62,379.00",869.00,"54,281,106.60",413,0.9,20.0,0.1,2.31,-0.03,"1,085.00",605.00,,
2021/11/08,120,NICA,47.43,860.0,880.0,856.0,856.0,866.28,"53,173.00",869.90,"46,062,799.00",340,-13.9,24.0,-1.6,2.8,-1.2,"1,085.00",605.00,,
2021/11/09,118,NICA,47.28,860.0,860.0,830.0,839.0,838.09,"100,951.00",856.00,"84,606,433.90",566,-17.0,30.0,-1.99,3.61,0.11,"1,085.00",605.00,,
2021/11/11,120,NICA,42.45,825.1,841.5,824.0,824.0,827.78,"60,792.00",839.00,"50,322,602.80",435,-15.0,17.5,-1.79,2.12,-0.46,"1,085.00",605.00,,
2021/11/14,173,NICA,64.71,502.0,513.0,490.0,508.0,504.53,"280,089.00",502.00,"141,314,159.70","1,150",6.00,23.00,1.2,4.69,0.68,852.00,341.60,417.85,449.74
2021/11/15,122,NICA,40.98,817.0,833.0,817.0,824.9,825.35,"46,501.00",825.50,"38,379,665.70",302,-0.60,16.00,-0.07,1.96,-0.05,"1,085.00",605.00,,
2021/11/16,122,NICA,61.34,825.0,870.0,820.0,870.0,847.39,"104,559.00",824.90,"88,602,632.60",521,45.10,50.00,5.47,6.1,2.6,"1,085.00",605.00,,
2021/11/17,120,NICA,61.92,880.0,897.0,862.0,875.0,875.36,"143,618.00",870.00,"125,718,149.70",808,5.00,35.00,0.57,4.06,-0.04,"1,085.00",605.00,,
2021/11/18,119,NICA,59.93,874.0,874.0,845.9,854.0,855.74,"86,241.00",875.00,"73,799,771.50",443,-21.0,28.1,-2.4,3.32,-0.2,"1,085.00",605.00,,
2021/11/21,121,NICA,46.87,870.0,870.0,836.0,840.0,840.09,"51,751.00",854.00,"43,475,291.10",348,-14.0,34.0,-1.64,4.07,-0.01,"1,085.00",605.00,,
2021/11/22,124,NICA,37.96,855.0,860.0,832.1,850.0,846.77,"38,185.00",840.00,"32,333,813.50",270,10.0,27.9,1.19,3.35,0.38,"1,085.00",605.00,,
2021/11/23,124,NICA,39.98,850.0,856.0,825.0,836.0,830.39,"64,274.00",850.00,"53,372,258.00",394,-14.0,31.0,-1.65,3.76,0.67,"1,085.00",605.00,,
2021/11/24,123,NICA,44.2,836.0,836.0,821.7,831.0,825.62,"96,252.00",836.00,"79,467,348.90",445,-5.00,14.3,-0.6,1.74,0.65,"1,085.00",605.00,,
2021/11/25,126,NICA,52.97,825.0,843.0,825.0,842.0,838.46,"81,644.00",831.00,"68,455,000.10",357,11.0,18.0,1.32,2.18,0.42,"1,085.00",605.00,,
2021/11/28,127,NICA,38.59,835.0,835.0,813.0,817.0,818.53,"66,398.00",842.00,"54,348,808.40",558,-25.0,22.0,-2.97,2.71,-0.19,"1,085.00",608.00,,
2021/11/29,123,NICA,42.64,824.0,825.0,797.0,800.0,806.35,"73,172.00",817.00,"59,002,359.80",505,-17.0,28.0,-2.08,3.51,-0.79,"1,085.00",608.00,,
2021/11/30,122,NICA,46.52,813.8,813.8,790.0,810.0,797.61,"94,516.00",800.00,"75,387,304.70",490,10.0,23.8,1.25,3.01,1.53,"1,085.00",608.00,,
2021/12/01,119,NICA,40.52,800.0,822.0,800.0,804.8,806.25,"25,231.00",810.00,"20,342,583.80",264,-5.2,22.0,-0.64,2.75,-0.18,"1,085.00",608.00,,
2021/12/02,123,NICA,47.9,805.0,805.0,780.0,788.0,789.36,"114,952.00",804.80,"90,738,112.70",644,-16.8,25.0,-2.09,3.21,-0.17,"1,085.00",608.00,,
2021/12/05,121,NICA,42.19,785.0,785.0,758.6,765.0,769.17,"73,387.00",788.00,"56,446,886.20",585,-23.0,26.4,-2.92,3.48,-0.54,"1,085.00",608.00,,
2021/12/06,121,NICA,44.09,760.0,787.0,745.0,787.0,763.48,"68,582.00",765.00,"52,360,864.20",543,22.0,42.00,2.88,5.64,2.99,"1,085.00",608.00,,
2021/12/07,122,NICA,39.31,790.0,795.2,765.0,766.0,776.13,"48,358.00",787.00,"37,532,023.90",443,-21.0,30.20,-2.67,3.95,-1.32,"1,085.00",608.00,,
2021/12/08,122,NICA,37.65,760.0,760.0,742.0,749.0,747.97,"45,768.00",766.00,"34,233,274.40",424,-17.0,18.00,-2.22,2.43,0.14,"1,085.00",608.00,,
2021/12/09,125,NICA,39.98,746.0,756.0,740.0,742.6,745.32,"50,635.00",749.00,"37,739,128.10",345,-6.4,16.0,-0.85,2.16,-0.37,"1,085.00",608.00,,
2021/12/12,122,NICA,31.73,748.0,748.0,722.0,725.0,728.47,"53,496.00",742.60,"38,970,096.60",406,-17.60,26.00,-2.37,3.6,-0.48,"1,085.00",620.00,,
2021/12/13,125,NICA,36.83,712.0,722.0,701.0,709.0,710.34,"70,526.00",725.00,"50,097,353.60",596,-16.00,21.00,-2.21,3.0,-0.19,"1,085.00",620.00,,
2021/12/14,118,NICA,40.91,723.0,739.5,716.0,739.5,727.37,"18,561.00",709.00,"13,500,800.40",176,30.50,23.50,4.3,3.28,1.64,"1,085.00",648.00,,
2021/12/15,122,NICA,43.82,754.0,767.0,725.0,732.0,734.70,"69,145.00",739.50,"50,800,581.50",534,-7.5,42.0,-1.01,5.79,-0.37,"1,085.00",665.00,,
2021/12/16,120,NICA,43.48,736.5,736.5,721.0,734.0,726.36,"28,600.00",732.00,"20,773,760.70",258,2.0,15.5,0.27,2.15,1.04,"1,085.00",665.00,,
2021/12/20,121,NICA,44.47,748.6,748.6,720.0,722.0,723.77,"50,222.00",734.00,"36,349,240.50",354,-12.0,28.6,-1.63,3.97,-0.25,"1,085.00",671.00,,
2021/12/21,123,NICA,42.82,735.0,736.0,722.0,731.2,728.27,"30,657.00",722.00,"22,326,546.50",271,9.2,14.00,1.27,1.94,0.4,"1,085.00",699.00,,
2021/12/22,125,NICA,51.09,745.0,756.0,735.0,752.0,749.46,"54,868.00",731.20,"41,121,360.30",444,20.8,21.0,2.84,2.86,0.34,"1,085.00",701.00,,
2021/12/23,124,NICA,53.12,767.0,767.0,749.0,760.0,756.26,"53,583.00",752.00,"40,522,914.00",343,8.0,18.0,1.06,2.4,0.49,"1,085.00",701.00,,
2021/12/26,173,NICA,64.71,502.0,513.0,490.0,508.0,504.53,"280,089.00",502.00,"141,314,159.70","1,150",6.00,23.00,1.2,4.69,0.68,852.00,341.60,417.85,449.74
2021/12/27,129,NICA,52.88,770.0,774.0,744.0,744.0,753.94,"65,018.00",769.90,"49,019,615.40",488,-25.9,30.00,-3.36,4.03,-1.34,"1,085.00",701.00,,
2021/12/28,123,NICA,42.84,740.0,747.0,730.0,738.0,737.96,"43,607.00",744.00,"32,180,061.80",269,-6.0,17.0,-0.81,2.33,0.01,"1,085.00",701.00,,
2021/12/29,123,NICA,46.31,726.1,744.0,725.0,740.0,735.97,"77,201.00",738.00,"56,817,535.00",517,2.0,19.00,0.27,2.62,0.54,"1,085.00",701.00,,
2022/01/02,130,NICA,53.38,754.8,773.0,730.0,769.0,760.23,"73,533.00",740.00,"55,902,252.30",558,29.00,43.00,3.92,5.89,1.14,"1,085.00",701.00,,
2022/01/03,123,NICA,59.5,769.0,788.4,765.0,784.0,780.25,"78,276.00",769.00,"61,074,703.90",573,15.0,23.40,1.95,3.06,0.48,"1,085.00",701.00,,
2022/01/04,126,NICA,58.52,790.0,813.7,772.0,807.8,794.02,"79,587.00",784.00,"63,193,949.70",601,23.8,41.70,3.04,5.4,1.71,"1,085.00",701.00,,
2022/01/05,126,NICA,58.74,819.9,819.9,792.0,795.0,799.61,"78,208.00",807.80,"62,536,250.30",605,-12.8,27.9,-1.58,3.52,-0.58,"1,085.00",701.00,,
2022/01/06,130,NICA,63.04,782.0,839.0,782.0,838.0,812.27,"178,781.00",795.00,"145,219,148.40",877,43.00,57.00,5.41,7.29,3.07,"1,085.00",701.00,,
2022/01/09,131,NICA,62.89,854.7,871.0,850.0,867.1,860.64,"162,594.00",838.00,"139,935,027.20","1,097",29.1,21.00,3.47,2.47,0.74,"1,085.00",701.00,,
2022/01/10,129,NICA,59.76,870.0,879.0,852.0,860.0,863.60,"160,045.00",867.10,"138,215,461.90",903,-7.1,27.00,-0.82,3.17,-0.42,"1,085.00",701.00,,
2022/01/11,124,NICA,59.09,870.0,872.0,855.0,864.5,865.03,"83,864.00",860.00,"72,545,031.10",521,4.5,17.00,0.52,1.99,-0.06,"1,085.00",701.00,,
2022/01/12,122,NICA,55.68,870.0,889.5,863.0,866.0,872.53,"170,915.00",864.50,"149,127,990.50",748,1.5,26.50,0.17,3.07,-0.75,"1,085.00",701.00,,
2022/01/13,120,NICA,53.87,868.0,890.0,861.0,880.5,879.69,"94,487.00",866.00,"83,119,715.40",691,14.5,29.0,1.67,3.37,0.09,"1,085.00",701.00,,
2022/01/16,123,NICA,59.48,895.0,912.0,882.0,900.0,897.71,"137,916.00",880.50,"123,808,949.30",771,19.5,30.0,2.21,3.4,0.25,"1,085.00",701.00,,
2022/01/17,120,NICA,59.0,918.0,918.0,893.0,898.0,898.40,"111,345.00",900.00,"100,031,851.40",569,-2.0,25.0,-0.22,2.8,-0.04,"1,085.00",701.00,,
2022/01/18,122,NICA,63.25,900.0,927.0,899.0,914.0,917.59,"207,182.00",898.00,"190,108,363.60","1,176",16.0,28.0,1.78,3.11,-0.39,"1,085.00",701.00,,
2022/01/19,123,NICA,57.8,932.2,932.2,910.0,912.0,916.61,"145,505.00",914.00,"133,370,636.50",855,-2.0,22.2,-0.22,2.44,-0.5,"1,085.00",701.00,,
2022/01/20,124,NICA,56.6,912.0,920.0,901.6,917.0,912.15,"116,652.00",912.00,"106,404,141.50",623,5.0,18.4,0.55,2.04,0.53,"1,085.00",701.00,,
2022/01/23,125,NICA,58.91,935.0,935.3,899.0,903.0,912.84,"191,997.00",917.00,"175,263,196.50","1,459",-14.0,36.30,-1.53,4.04,-1.09,"1,085.00",701.00,,
2022/01/24,121,NICA,55.31,900.0,900.0,866.0,866.2,876.06,"419,335.00",903.00,"367,364,527.50","2,734",-36.8,34.0,-4.08,3.93,-1.14,"1,085.00",701.00,,
2022/01/25,124,NICA,50.58,850.0,883.0,845.2,867.0,866.72,"227,148.00",866.20,"196,874,184.10","1,330",0.8,37.80,0.09,4.47,0.03,"1,085.00",701.00,,
2022/01/26,124,NICA,45.7,868.0,873.0,856.0,860.0,861.24,"109,049.00",867.00,"93,917,145.70",721,-7.0,17.0,-0.81,1.99,-0.14,"1,085.00",701.00,,
2022/01/27,122,NICA,43.27,861.0,869.9,856.0,859.6,859.64,"56,260.00",860.00,"48,363,360.90",492,-0.4,13.9,-0.05,1.62,0.0,"1,085.00",701.00,,
2022/01/30,124,NICA,51.57,876.7,888.0,872.0,883.0,877.54,"99,204.00",859.60,"87,055,768.70",649,23.4,16.0,2.72,1.83,0.62,"1,085.00",701.00,,
2022/01/31,122,NICA,49.62,890.0,890.0,870.1,872.0,875.45,"65,157.00",883.00,"57,041,932.30",423,-11.0,19.9,-1.25,2.29,-0.4,"1,085.00",701.00,,
2022/02/01,173,NICA,64.71,502.0,513.0,490.0,508.0,504.53,"280,089.00",502.00,"141,314,159.70","1,150",6.00,23.00,1.2,4.69,0.68,852.00,341.60,417.85,449.74
2022/02/03,122,NICA,48.96,870.0,877.0,860.0,860.4,866.25,"150,826.00",870.00,"130,653,042.50",899,-9.6,17.0,-1.1,1.98,-0.68,"1,085.00",701.00,,
2022/02/06,125,NICA,41.25,856.0,860.0,845.0,853.0,852.15,"72,123.00",860.40,"61,459,588.40",465,-7.40,15.0,-0.86,1.78,0.1,"1,085.00",701.00,,
2022/02/07,122,NICA,39.31,853.0,858.0,839.0,843.0,844.96,"59,770.00",853.00,"50,503,450.30",539,-10.0,19.0,-1.17,2.26,-0.23,"1,085.00",701.00,,
2022/02/08,123,NICA,42.45,855.0,872.0,826.0,837.0,839.57,"86,778.00",843.00,"72,856,295.00",617,-6.0,46.0,-0.71,5.57,-0.31,"1,085.00",701.00,,
2022/02/09,120,NICA,43.91,840.0,840.0,821.0,828.0,828.38,"87,317.00",837.00,"72,331,456.20",481,-9.0,19.0,-1.08,2.31,-0.05,"1,085.00",701.00,,
2022/02/10,173,NICA,64.71,502.0,513.0,490.0,508.0,504.53,"280,089.00",502.00,"141,314,159.70","1,150",6.00,23.00,1.2,4.69,0.68,852.00,341.60,417.85,449.74
2022/02/13,123,NICA,46.19,802.0,811.0,789.0,807.0,798.14,"180,844.00",818.00,"144,338,091.70","1,179",-11.0,22.0,-1.34,2.79,1.1,"1,085.00",701.00,,
2022/02/14,173,NICA,64.71,502.0,513.0,490.0,508.0,504.53,"280,089.00",502.00,"141,314,159.70","1,150",6.00,23.00,1.2,4.69,0.68,852.00,341.60,417.85,449.74
2022/02/15,173,NICA,64.71,502.0,513.0,490.0,508.0,504.53,"280,089.00",502.00,"141,314,159.70","1,150",6.00,23.00,1.2,4.69,0.68,852.00,341.60,417.85,449.74
2022/02/16,125,NICA,44.75,806.0,815.0,803.0,807.0,806.92,"43,171.00",805.00,"34,835,752.90",372,2.0,12.0,0.25,1.49,0.01,"1,085.00",701.00,,
2022/02/17,122,NICA,48.13,805.0,816.0,804.0,816.0,809.38,"55,936.00",807.00,"45,273,568.40",391,9.0,12.0,1.12,1.49,0.81,"1,085.00",701.00,,
2022/02/20,173,NICA,64.71,502.0,513.0,490.0,508.0,504.53,"280,089.00",502.00,"141,314,159.70","1,150",6.00,23.00,1.2,4.69,0.68,852.00,341.60,417.85,449.74
2022/02/21,122,NICA,44.62,808.0,810.0,798.0,806.1,801.68,"30,102.00",803.10,"24,132,081.90",350,3.0,12.0,0.37,1.5,0.55,"1,085.00",701.00,,
2022/02/22,125,NICA,48.81,806.0,815.0,802.0,808.0,808.37,"37,501.00",806.10,"30,314,745.80",369,1.9,13.0,0.24,1.62,-0.05,"1,085.00",701.00,,
2022/02/23,122,NICA,41.0,810.0,810.0,801.0,804.0,803.34,"26,347.00",808.00,"21,165,563.70",267,-4.0,9.0,-0.5,1.12,0.08,"1,085.00",701.00,,
2022/02/24,122,NICA,45.1,804.0,804.0,785.0,790.0,791.63,"62,153.00",804.00,"49,201,909.50",625,-14.0,19.0,-1.74,2.42,-0.21,"1,085.00",701.00,,
2022/02/27,120,NICA,43.82,790.0,800.0,777.7,783.0,787.71,"94,586.00",790.00,"74,506,582.60",583,-7.0,22.30,-0.89,2.87,-0.6,"1,085.00",701.00,,
2022/02/28,124,NICA,41.17,798.0,798.0,771.0,773.0,778.06,"55,256.00",783.00,"42,992,657.90",434,-10.0,27.00,-1.28,3.5,-0.66,"1,085.00",701.00,,
2022/03/02,123,NICA,41.11,770.0,775.0,760.0,762.0,762.97,"76,482.00",773.00,"58,353,262.40",579,-11.0,15.00,-1.42,1.97,-0.13,"1,085.00",701.00,,
2022/03/06,125,NICA,39.79,777.2,785.0,755.0,768.0,765.09,"36,346.00",762.00,"27,808,137.40",441,6.0,30.0,0.79,3.97,0.38,"1,085.00",701.00,,
2022/03/07,173,NICA,64.71,502.0,513.0,490.0,508.0,504.53,"280,089.00",502.00,"141,314,159.70","1,150",6.00,23.00,1.2,4.69,0.68,852.00,341.60,417.85,449.74
2022/03/09,123,NICA,45.23,785.0,785.0,750.0,760.0,755.55,"138,776.00",774.00,"104,851,922.10",979,-14.0,35.0,-1.81,4.67,0.59,"1,085.00",701.00,,
2022/03/10,125,NICA,48.52,760.0,762.0,747.0,758.0,752.31,"165,638.00",760.00,"124,611,575.70",952,-2.0,15.0,-0.26,2.01,0.75,"1,085.00",701.00,,
2022/03/13,123,NICA,52.89,769.0,790.0,758.0,782.0,773.33,"93,422.00",758.00,"72,246,417.70",769,24.00,32.00,3.17,4.22,1.11,"1,085.00",701.00,,
2022/03/14,121,NICA,49.37,785.0,789.0,770.0,778.0,778.48,"29,363.00",782.00,"22,858,634.10",265,-4.0,19.0,-0.51,2.47,-0.06,"1,085.00",701.00,,
2022/03/15,173,NICA,64.71,502.0,513.0,490.0,508.0,504.53,"280,089.00",502.00,"141,314,159.70","1,150",6.00,23.00,1.2,4.69,0.68,852.00,341.60,417.85,449.74
2022/03/16,125,NICA,49.36,772.0,778.0,765.0,768.0,769.75,"46,676.00",772.00,"35,928,971.20",422,-4.0,13.0,-0.52,1.7,-0.23,"1,085.00",701.00,,
2022/03/20,119,NICA,41.38,776.0,776.0,764.0,770.0,767.16,"42,001.00",768.00,"32,221,338.60",403,2.0,12.0,0.26,1.57,0.37,"1,085.00",701.00,,
2022/03/21,125,NICA,48.2,775.0,780.0,762.0,773.0,767.25,"47,286.00",770.00,"36,280,037.90",402,3.00,18.0,0.39,2.36,0.74,"1,085.00",701.00,,
2022/03/22,124,NICA,52.9,770.0,785.0,770.0,779.9,778.16,"41,446.00",773.00,"32,251,559.70",393,6.9,15.0,0.89,1.95,0.22,"1,085.00",701.00,,
2022/03/23,121,NICA,56.59,780.0,785.0,773.0,785.0,774.58,"108,697.00",779.90,"84,194,639.20",366,5.1,12.0,0.65,1.55,1.33,"1,085.00",701.00,,
2022/03/24,122,NICA,52.59,780.0,790.0,769.3,780.0,773.19,"67,523.00",785.00,"52,208,122.20",507,-5.0,20.7,-0.64,2.69,0.87,"1,085.00",701.00,,
2022/03/27,125,NICA,44.46,780.0,790.0,766.0,766.0,772.02,"67,429.00",780.00,"52,056,815.80",347,-14.0,24.00,-1.79,3.13,-0.79,"1,085.00",701.00,,
2022/03/28,126,NICA,39.1,761.0,765.0,755.0,759.9,759.96,"37,146.00",766.00,"28,229,612.70",394,-6.1,10.0,-0.8,1.32,-0.01,"1,085.00",701.00,,
2022/03/29,121,NICA,35.93,756.0,765.0,754.0,757.0,757.25,"40,516.00",759.90,"30,680,927.40",330,-2.9,11.0,-0.38,1.46,-0.03,"1,085.00",701.00,,
2022/03/30,126,NICA,35.49,758.0,770.0,757.0,767.0,761.73,"29,760.00",757.00,"22,669,073.00",328,10.0,13.0,1.32,1.72,0.69,"1,085.00",701.00,,
2022/03/31,123,NICA,43.47,772.0,772.0,755.0,764.0,763.00,"39,695.00",767.00,"30,287,300.60",447,-3.0,17.0,-0.39,2.25,0.13,"1,085.00",701.00,,
2022/04/03,123,NICA,43.64,770.0,778.0,756.2,761.9,759.96,"18,189.00",764.00,"13,822,827.50",258,-2.1,21.8,-0.27,2.88,0.26,"1,085.00",701.00,,
2022/04/04,123,NICA,37.3,777.1,777.1,757.0,762.0,760.21,"19,152.00",761.90,"14,559,554.30",245,0.1,20.1,0.01,2.66,0.23,"1,085.00",701.00,,
2022/04/05,124,NICA,32.14,777.2,777.2,748.0,751.2,751.66,"69,542.00",762.00,"52,271,776.40",564,-10.8,29.20,-1.42,3.9,-0.06,"1,085.00",701.00,,
2022/04/06,121,NICA,33.25,750.0,750.0,739.0,741.9,741.38,"52,534.00",751.20,"38,947,897.10",493,-9.3,11.0,-1.24,1.49,0.07,"1,085.00",701.00,,
2022/04/07,122,NICA,48.1,750.0,765.0,746.0,765.0,751.45,"51,777.00",741.90,"38,907,678.00",462,23.1,19.0,3.11,2.55,1.77,"1,085.00",701.00,,
2022/04/11,126,NICA,41.86,765.0,774.0,740.0,763.0,750.27,"91,552.00",765.00,"68,688,419.00",681,-2.0,34.0,-0.26,4.59,1.67,"1,085.00",701.00,,
2022/04/12,130,NICA,42.83,775.0,775.0,745.0,752.0,750.90,"44,168.00",763.00,"33,165,629.30",372,-11.0,30.0,-1.44,4.03,0.15,"1,085.00",701.00,,
2022/04/13,125,NICA,47.42,748.0,760.0,745.0,757.0,752.45,"51,266.00",752.00,"38,575,069.90",292,5.00,15.0,0.66,2.01,0.6,"1,085.00",701.00,,
2022/04/17,126,NICA,31.55,772.1,772.1,746.0,751.0,752.89,"38,725.00",757.00,"29,155,508.40",403,-6.00,26.1,-0.79,3.5,-0.25,"1,085.00",701.00,,
2022/04/18,124,NICA,27.62,756.0,756.0,745.0,747.5,749.67,"32,922.00",751.00,"24,680,590.60",388,-3.5,11.00,-0.47,1.48,-0.29,"1,085.00",701.00,,
2022/04/19,123,NICA,43.53,750.0,764.8,746.0,760.0,756.18,"28,688.00",747.50,"21,693,263.20",304,12.5,18.8,1.67,2.52,0.5,"1,085.00",701.00,,
2022/04/20,125,NICA,41.46,775.0,775.0,750.8,755.0,759.87,"66,139.00",760.00,"50,256,923.20",596,-5.0,24.2,-0.66,3.22,-0.64,"1,085.00",701.00,,
2022/04/21,123,NICA,47.11,770.1,770.1,740.0,765.0,754.88,"55,724.00",755.00,"42,064,704.40",510,10.0,30.10,1.32,4.07,1.32,"1,085.00",701.00,,
2022/04/24,133,NICA,47.62,780.0,800.0,765.0,796.0,782.11,"62,866.00",765.00,"49,168,270.50",703,31.00,35.00,4.05,4.58,1.74,"1,085.00",701.00,,
2022/04/25,130,NICA,48.34,800.0,800.0,776.0,776.0,786.76,"68,468.00",796.00,"53,867,663.60",676,-20.0,24.0,-2.51,3.09,-1.39,"1,085.00",701.00,,
2022/04/26,123,NICA,46.04,785.0,791.0,773.0,784.4,780.71,"35,741.00",776.00,"27,903,335.30",347,8.4,18.0,1.08,2.33,0.47,"1,085.00",701.00,,
2022/04/27,124,NICA,44.62,773.0,781.8,770.1,781.8,775.67,"37,180.00",784.40,"28,839,572.60",376,-2.6,11.7,-0.33,1.52,0.78,"1,085.00",701.00,,
2022/04/28,123,NICA,28.42,780.0,790.0,779.0,782.0,783.38,"44,865.00",781.80,"35,146,477.20",397,0.2,11.0,0.03,1.41,-0.18,"1,085.00",701.00,,
2022/05/02,125,NICA,28.36,780.0,780.0,767.0,773.5,771.18,"33,499.00",782.00,"25,833,871.40",361,-8.5,13.0,-1.09,1.69,0.3,"1,085.00",701.00,,
2022/05/04,125,NICA,25.4,770.0,773.0,765.1,771.5,768.73,"23,016.00",773.50,"17,693,150.40",279,-2.0,7.9,-0.26,1.03,0.36,"1,085.00",701.00,,
2022/05/05,128,NICA,29.8,762.0,770.0,747.5,764.0,755.63,"89,146.00",771.50,"67,361,636.70",744,-7.5,22.5,-0.97,3.01,1.1,"1,085.00",701.00,,
2022/05/08,125,NICA,28.72,751.0,765.0,750.0,765.0,756.45,"48,636.00",764.00,"36,790,867.70",425,1.0,15.0,0.13,2.0,1.12,"1,085.00",701.00,,
2022/05/09,121,NICA,34.15,780.3,780.3,750.0,774.0,771.21,"65,468.00",765.00,"50,489,591.30",475,9.0,30.3,1.18,4.04,0.36,"1,085.00",701.00,,
2022/05/10,124,NICA,35.07,777.0,785.0,770.0,785.0,778.89,"25,257.00",774.00,"19,672,533.20",319,11.0,15.0,1.42,1.95,0.78,"1,085.00",701.00,,
2022/05/11,123,NICA,48.05,794.0,800.0,785.0,792.0,792.71,"60,355.00",785.00,"47,844,200.80",472,7.0,15.0,0.89,1.91,-0.09,"1,085.00",701.00,,
2022/05/12,122,NICA,48.19,800.0,819.0,790.1,808.0,802.82,"69,720.00",792.00,"55,972,819.30",586,16.0,28.9,2.02,3.66,0.64,"1,085.00",701.00,,
2022/05/17,119,NICA,37.8,808.0,814.0,775.0,775.0,786.31,"64,901.00",808.00,"51,032,588.10",538,-33.00,39.0,-4.08,5.03,-1.46,"1,085.00",701.00,,
2022/05/18,173,NICA,64.71,502.0,513.0,490.0,508.0,504.53,"280,089.00",502.00,"141,314,159.70","1,150",6.00,23.00,1.2,4.69,0.68,852.00,341.60,417.85,449.74
2022/05/19,118,NICA,28.78,794.0,794.0,777.0,781.0,783.48,"29,672.00",786.00,"23,247,547.30",242,-5.0,17.0,-0.64,2.19,-0.32,"1,085.00",701.00,,
2022/05/20,120,NICA,26.07,780.0,785.0,776.0,780.0,780.39,"14,791.00",781.00,"11,542,676.60",169,-1.0,9.0,-0.13,1.16,-0.05,"1,085.00",701.00,,
2022/05/21,173,NICA,64.71,502.0,513.0,490.0,508.0,504.53,"280,089.00",502.00,"141,314,159.70","1,150",6.00,23.00,1.2,4.69,0.68,852.00,341.60,417.85,449.74
2022/05/23,121,NICA,29.0,785.0,785.0,760.0,764.2,765.10,"38,586.00",780.00,"29,522,285.10",435,-15.8,25.0,-2.03,3.29,-0.12,"1,085.00",701.00,,
2022/05/24,119,NICA,27.14,760.0,773.0,750.0,768.0,765.31,"22,335.00",764.20,"17,093,132.10",266,3.8,23.00,0.5,3.07,0.35,"1,085.00",701.00,,
2022/05/25,122,NICA,26.25,783.0,783.0,770.0,775.0,775.64,"20,264.00",768.00,"15,717,649.50",246,7.0,13.0,0.91,1.69,-0.08,"1,085.00",701.00,,
2022/05/26,173,NICA,64.71,502.0,513.0,490.0,508.0,504.53,"280,089.00",502.00,"141,314,159.70","1,150",6.00,23.00,1.2,4.69,0.68,852.00,341.60,417.85,449.74
2022/05/27,119,NICA,45.09,785.0,785.0,770.0,772.0,773.00,"35,663.00",781.50,"27,567,460.20",353,-9.5,15.0,-1.22,1.95,-0.13,"1,085.00",701.00,,
2022/05/30,122,NICA,35.66,787.4,787.4,750.0,760.0,758.28,"53,026.00",772.00,"40,208,618.10",582,-12.0,37.4,-1.55,4.99,0.23,"1,085.00",701.00,,
2022/05/31,125,NICA,30.82,770.0,770.0,748.0,752.7,751.14,"71,623.00",760.00,"53,798,800.70",708,-7.3,22.0,-0.96,2.94,0.21,"1,085.00",701.00,,
2022/06/01,123,NICA,29.29,750.0,763.0,748.0,759.9,753.87,"42,503.00",752.70,"32,041,704.80",386,7.2,15.0,0.96,2.01,0.79,"1,085.00",701.00,,
2022/06/02,126,NICA,33.21,760.0,760.0,741.0,744.5,746.27,"87,718.00",759.90,"65,460,889.80",873,-15.4,19.0,-2.03,2.56,-0.24,"1,085.00",701.00,,
2022/06/03,124,NICA,33.74,745.0,757.0,728.1,739.0,734.96,"84,842.00",744.50,"62,355,688.00",803,-5.5,28.9,-0.74,3.97,0.55,"1,085.00",701.00,,
2022/06/06,173,NICA,64.71,502.0,513.0,490.0,508.0,504.53,"280,089.00",502.00,"141,314,159.70","1,150",6.00,23.00,1.2,4.69,0.68,852.00,341.60,417.85,449.74
2022/06/07,130,NICA,30.55,728.0,729.0,700.0,708.9,708.18,"86,403.00",727.00,"61,188,683.20",923,-18.1,29.0,-2.49,4.14,0.1,"1,085.00",700.00,,
2022/06/08,127,NICA,36.05,700.0,732.0,700.0,723.0,718.48,"58,996.00",708.90,"42,387,230.90",588,14.1,32.00,1.99,4.57,0.63,"1,085.00",700.00,,
2022/06/09,126,NICA,35.91,720.0,731.7,715.0,716.0,723.82,"43,462.00",723.00,"31,458,526.30",591,-7.0,16.7,-0.97,2.34,-1.09,"1,085.00",700.00,,
2022/06/10,173,NICA,64.71,502.0,513.0,490.0,508.0,504.53,"280,089.00",502.00,"141,314,159.70","1,150",6.00,23.00,1.2,4.69,0.68,852.00,341.60,417.85,449.74
2022/06/13,173,NICA,64.71,502.0,513.0,490.0,508.0,504.53,"280,089.00",502.00,"141,314,159.70","1,150",6.00,23.00,1.2,4.69,0.68,852.00,341.60,417.85,449.74
2022/06/14,125,NICA,31.24,706.0,710.0,701.0,703.2,704.89,"33,384.00",709.50,"23,532,141.30",380,-6.3,9.0,-0.89,1.28,-0.24,"1,085.00",700.00,,
2022/06/15,126,NICA,39.49,717.2,717.2,691.9,704.0,697.46,"63,277.00",703.20,"44,133,477.10",578,0.8,25.30,0.11,3.66,0.93,"1,085.00",691.90,,
2022/06/16,118,NICA,37.53,704.0,707.9,690.0,697.4,697.12,"51,244.00",704.00,"35,723,383.70",507,-6.6,17.9,-0.94,2.59,0.04,"1,085.00",690.00,,
2022/06/17,119,NICA,34.29,700.0,705.0,690.0,695.0,693.43,"32,624.00",697.40,"22,622,428.40",291,-2.4,15.0,-0.34,2.17,0.23,"1,085.00",690.00,,
2022/06/19,120,NICA,33.34,699.0,699.0,680.2,682.0,688.03,"47,112.00",695.00,"32,414,390.40",491,-13.0,18.80,-1.87,2.76,-0.88,"1,085.00",680.20,,
2022/06/20,121,NICA,34.02,680.0,680.0,671.1,674.4,673.44,"64,703.00",682.00,"43,573,844.60",475,-7.6,8.90,-1.11,1.33,0.14,"1,085.00",671.10,,
2022/06/21,124,NICA,36.46,680.0,693.6,670.3,685.0,679.16,"46,893.00",674.40,"31,847,791.50",343,10.6,23.30,1.57,3.48,0.85,"1,085.00",670.30,,
2022/06/22,125,NICA,31.44,685.0,685.0,669.5,670.0,674.31,"36,984.00",685.00,"24,938,602.30",435,-15.0,15.5,-2.19,2.32,-0.64,"1,085.00",669.50,,
2022/06/23,130,NICA,33.95,670.0,670.0,646.5,652.9,651.58,"63,783.00",670.00,"41,559,492.70",676,-17.1,23.5,-2.55,3.63,0.2,"1,085.00",646.50,,
2022/06/24,122,NICA,33.64,648.0,670.0,634.0,659.0,650.94,"31,888.00",652.90,"20,757,296.40",362,6.1,36.0,0.93,5.68,1.22,"1,085.00",634.00,,
2022/06/26,173,NICA,64.71,502.0,513.0,490.0,508.0,504.53,"280,089.00",502.00,"141,314,159.70","1,150",6.00,23.00,1.2,4.69,0.68,852.00,341.60,417.85,449.74
2022/06/27,122,NICA,40.66,691.0,693.0,676.0,678.0,683.85,"46,048.00",686.00,"31,489,836.40",592,-8.0,17.0,-1.17,2.51,-0.86,"1,085.00",634.00,,
2022/06/28,173,NICA,64.71,502.0,513.0,490.0,508.0,504.53,"280,089.00",502.00,"141,314,159.70","1,150",6.00,23.00,1.2,4.69,0.68,852.00,341.60,417.85,449.74
2022/06/29,124,NICA,40.12,675.0,680.0,664.0,679.0,675.63,"21,950.00",672.50,"14,830,151.40",281,6.5,16.0,0.97,2.41,0.5,"1,085.00",634.00,,
2022/06/30,123,NICA,45.07,682.0,698.7,680.0,698.7,690.43,"51,903.00",679.00,"35,835,390.90",569,19.70,18.70,2.9,2.75,1.18,"1,085.00",634.00,,
2022/07/01,119,NICA,50.15,701.0,705.0,687.0,689.9,691.44,"65,273.00",698.70,"45,132,655.00",560,-8.8,18.0,-1.26,2.62,-0.22,"1,085.00",634.00,,
2022/07/03,126,NICA,50.72,690.0,718.0,680.0,718.0,691.00,"99,723.00",689.90,"68,908,574.20",789,28.1,38.0,4.07,5.59,3.76,"1,085.00",634.00,,
2022/07/04,128,NICA,55.31,720.0,734.0,699.0,704.0,718.05,"140,168.00",718.00,"100,647,859.20","1,290",-14.0,35.00,-1.95,5.01,-2.0,"1,085.00",634.00,,
2022/07/05,124,NICA,36.97,704.0,713.0,690.0,690.0,696.51,"50,002.00",704.00,"34,827,117.60",583,-14.0,23.0,-1.99,3.33,-0.94,"1,085.00",634.00,,
2022/07/06,126,NICA,43.31,690.0,693.0,676.2,689.0,686.45,"42,283.00",690.00,"29,025,276.90",368,-1.0,16.8,-0.14,2.48,0.37,"1,085.00",634.00,,
2022/07/07,173,NICA,64.71,502.0,513.0,490.0,508.0,504.53,"280,089.00",502.00,"141,314,159.70","1,150",6.00,23.00,1.2,4.69,0.68,852.00,341.60,417.85,449.74
2022/07/08,117,NICA,31.55,685.0,687.0,664.3,668.0,671.84,"45,733.00",685.00,"30,725,228.80",477,-17.0,22.7,-2.48,3.42,-0.57,"1,085.00",634.00,,
2022/07/11,122,NICA,33.78,662.0,662.0,640.0,648.0,648.24,"134,434.00",668.00,"87,145,321.70","1,102",-20.0,22.0,-2.99,3.44,-0.04,"1,085.00",634.00,,
2022/07/12,123,NICA,28.95,648.0,660.0,646.0,657.0,654.70,"53,503.00",648.00,"35,028,276.30",410,9.0,14.0,1.39,2.17,0.35,"1,085.00",634.00,,
2022/07/13,125,NICA,35.73,657.0,680.0,657.0,680.0,670.51,"124,370.00",657.00,"83,391,813.90",415,23.0,23.0,3.5,3.5,1.4,"1,085.00",634.00,,
2022/07/14,121,NICA,55.39,670.0,697.8,667.1,694.0,673.02,"448,553.00",680.00,"301,886,738.50",672,14.0,30.70,2.06,4.6,3.02,"1,085.00",634.00,,
2022/07/15,127,NICA,46.99,694.0,704.0,688.0,696.0,695.29,"44,293.00",694.00,"30,796,694.20",283,2.0,16.0,0.29,2.33,0.1,"1,085.00",634.00,,
2022/07/17,117,NICA,44.77,709.9,709.9,691.0,703.0,702.25,"64,978.00",696.00,"45,630,844.10",557,7.0,18.9,1.01,2.74,0.11,"1,085.00",634.00,,
2022/07/18,115,NICA,39.14,703.0,704.0,695.0,703.0,699.99,"48,670.00",703.00,"34,068,291.00",407,0.00,9.0,0.0,1.29,0.43,"1,085.00",634.00,,
2022/07/19,117,NICA,39.6,709.0,718.0,704.1,713.0,712.75,"96,528.00",703.00,"68,800,235.50",628,10.0,13.9,1.42,1.97,0.04,"1,085.00",634.00,,
2022/07/20,118,NICA,45.84,710.0,720.0,709.0,716.0,716.09,"64,499.00",713.00,"46,187,074.60",455,3.0,11.0,0.42,1.55,-0.01,"1,085.00",634.00,,
2022/07/21,123,NICA,45.96,730.0,735.0,719.0,722.0,723.96,"155,068.00",716.00,"112,262,850.60","1,313",6.0,16.0,0.84,2.23,-0.27,"1,085.00",634.00,,
2022/07/22,116,NICA,37.52,724.0,724.9,712.0,713.0,715.65,"47,223.00",722.00,"33,795,047.50",521,-9.0,12.9,-1.25,1.81,-0.37,"1,085.00",634.00,,
2022/07/24,119,NICA,38.79,713.0,724.9,706.0,724.0,716.37,"86,801.00",713.00,"62,181,450.40",696,11.0,18.9,1.54,2.68,1.05,"1,085.00",634.00,,
2022/07/25,120,NICA,47.42,733.0,734.5,728.0,731.0,731.42,"101,736.00",724.00,"74,412,150.50",716,7.0,6.5,0.97,0.89,-0.06,"1,085.00",634.00,,
2022/07/26,124,NICA,32.4,731.1,731.1,708.0,709.0,716.66,"102,412.00",731.00,"73,394,457.60",876,-22.0,23.1,-3.01,3.26,-1.08,"1,085.00",634.00,,
2022/07/27,122,NICA,41.04,709.0,714.9,701.0,711.0,708.66,"54,808.00",709.00,"38,840,191.10",532,2.0,13.9,0.28,1.98,0.33,"1,072.00",634.00,,
2022/07/28,121,NICA,33.6,719.9,719.9,705.1,709.0,710.93,"75,111.00",711.00,"53,398,498.30",677,-2.0,14.80,-0.28,2.1,-0.27,"1,072.00",634.00,,
2022/07/29,117,NICA,29.43,712.0,715.0,706.0,707.9,709.18,"30,305.00",709.00,"21,491,560.10",286,-1.1,9.00,-0.16,1.27,-0.18,"1,067.90",634.00,,
2022/07/31,122,NICA,45.08,710.0,731.0,707.0,725.0,721.76,"87,775.00",707.90,"63,352,657.30",683,17.1,24.0,2.42,3.39,0.45,"1,067.90",634.00,,
2022/08/01,120,NICA,45.84,730.0,730.0,721.0,722.0,726.77,"60,754.00",725.00,"44,154,399.80",535,-3.0,9.0,-0.41,1.25,-0.66,"1,067.90",634.00,,
2022/08/02,121,NICA,41.71,730.0,730.0,720.2,720.2,723.06,"44,090.00",722.00,"31,879,757.10",402,-1.8,9.8,-0.25,1.36,-0.4,"1,067.90",634.00,,
2022/08/03,122,NICA,41.04,720.2,725.0,715.0,715.0,718.92,"50,858.00",720.20,"36,562,734.20",480,-5.2,10.0,-0.72,1.4,-0.55,"1,067.90",634.00,,
2022/08/04,119,NICA,35.52,719.9,719.9,705.0,706.0,708.15,"58,366.00",715.00,"41,331,887.30",517,-9.0,14.9,-1.26,2.11,-0.3,"1,067.90",634.00,,
2022/08/05,117,NICA,31.52,700.0,704.8,695.0,695.5,697.93,"33,014.00",706.00,"23,041,620.00",393,-10.5,9.8,-1.49,1.41,-0.35,"1,067.90",634.00,,
2022/08/07,120,NICA,30.64,700.0,706.0,695.0,699.0,698.74,"41,323.00",695.50,"28,874,081.30",481,3.5,11.0,0.5,1.58,0.04,"1,067.90",634.00,,
2022/08/08,117,NICA,34.55,712.9,712.9,686.0,694.0,696.11,"47,484.00",699.00,"33,054,044.90",448,-5.00,26.90,-0.72,3.92,-0.3,"1,067.90",634.00,,
2022/08/09,173,NICA,64.71,502.0,513.0,490.0,508.0,504.53,"280,089.00",502.00,"141,314,159.70","1,150",6.00,23.00,1.2,4.69,0.68,852.00,341.60,417.85,449.74
2022/08/10,122,NICA,33.17,680.1,683.0,665.1,674.0,675.88,"61,587.00",687.00,"41,625,686.10",593,-13.0,17.90,-1.89,2.69,-0.28,"1,067.90",634.00,,
2022/08/11,125,NICA,30.36,665.0,677.0,665.0,669.0,670.95,"44,403.00",674.00,"29,792,160.90",499,-5.00,12.00,-0.74,1.8,-0.29,"1,066.00",634.00,,
2022/08/14,123,NICA,29.35,669.0,669.0,657.0,660.5,660.97,"49,791.00",669.00,"32,910,480.10",520,-8.5,12.0,-1.27,1.83,-0.07,"1,030.00",634.00,,
2022/08/15,116,NICA,39.95,650.0,666.5,648.0,666.5,657.28,"66,185.00",660.50,"43,502,319.70",597,6.0,18.5,0.91,2.85,1.38,"1,030.00",634.00,,
2022/08/16,124,NICA,38.24,679.8,679.8,663.1,664.1,666.44,"59,039.00",666.50,"39,346,149.30",403,-2.40,16.70,-0.36,2.52,-0.35,"1,004.00",634.00,,
2022/08/17,121,NICA,36.0,665.0,665.0,657.0,660.0,660.20,"39,009.00",664.10,"25,753,896.00",297,-4.1,8.0,-0.62,1.22,-0.03,"1,004.00",634.00,,
2022/08/18,120,NICA,41.71,661.0,673.0,658.0,668.0,665.63,"29,374.00",660.00,"19,552,327.10",278,8.0,15.0,1.21,2.28,0.35,"1,004.00",634.00,,
2022/08/21,173,NICA,64.71,502.0,513.0,490.0,508.0,504.53,"280,089.00",502.00,"141,314,159.70","1,150",6.00,23.00,1.2,4.69,0.68,852.00,341.60,417.85,449.74
2022/08/22,173,NICA,64.71,502.0,513.0,490.0,508.0,504.53,"280,089.00",502.00,"141,314,159.70","1,150",6.00,23.00,1.2,4.69,0.68,852.00,341.60,417.85,449.74
2022/08/23,121,NICA,37.01,667.9,667.9,661.0,662.0,662.44,"13,142.00",663.00,"8,705,774.50",185,-1.0,6.9,-0.15,1.04,-0.07,986.00,634.00,,
2022/08/24,121,NICA,37.84,670.0,670.0,661.6,664.0,663.61,"22,672.00",662.00,"15,045,337.90",192,2.0,8.4,0.3,1.27,0.06,986.00,634.00,,
2022/08/25,122,NICA,40.18,665.0,665.7,659.0,659.0,661.80,"33,612.00",664.00,"22,244,267.10",296,-5.0,6.7,-0.75,1.02,-0.42,970.00,634.00,,
2022/08/26,173,NICA,64.71,502.0,513.0,490.0,508.0,504.53,"280,089.00",502.00,"141,314,159.70","1,150",6.00,23.00,1.2,4.69,0.68,852.00,341.60,417.85,449.74
2022/08/28,124,NICA,37.8,651.0,655.0,645.1,646.1,648.01,"45,482.00",655.00,"29,472,789.80",410,-8.9,9.9,-1.36,1.53,-0.3,955.00,634.00,,
2022/08/29,123,NICA,31.38,645.0,650.0,644.1,649.0,646.76,"13,292.00",646.10,"8,596,725.90",198,2.9,5.9,0.45,0.92,0.35,955.00,634.00,,
2022/08/30,125,NICA,32.17,657.0,658.0,645.3,645.3,648.68,"16,576.00",649.00,"10,752,450.10",207,-3.7,12.7,-0.57,1.97,-0.52,955.00,634.00,,
2022/08/31,121,NICA,33.79,650.0,650.0,638.1,638.3,642.41,"27,446.00",645.30,"17,631,602.20",369,-7.0,11.9,-1.08,1.86,-0.64,955.00,634.00,,
2022/09/01,121,NICA,35.36,638.0,651.0,637.0,641.5,643.92,"20,303.00",638.30,"13,073,432.10",240,3.2,14.0,0.5,2.2,-0.38,955.00,634.00,,
2022/09/02,120,NICA,30.14,649.9,650.0,642.0,645.0,646.40,"4,993.00",641.50,"3,227,492.80",54,3.5,8.0,0.55,1.25,-0.22,955.00,634.00,,
2022/09/04,126,NICA,38.55,645.1,652.0,644.5,648.0,647.15,"21,391.00",645.00,"13,843,247.00",211,3.0,7.5,0.47,1.16,0.13,955.00,634.00,,
2022/09/05,122,NICA,41.22,639.0,650.0,639.0,647.0,646.90,"19,888.00",648.00,"12,865,527.20",164,-1.0,11.0,-0.15,1.72,0.02,955.00,634.00,,
2022/09/06,173,NICA,64.71,502.0,513.0,490.0,508.0,504.53,"280,089.00",502.00,"141,314,159.70","1,150",6.00,23.00,1.2,4.69,0.68,852.00,341.60,417.85,449.74
2022/09/07,124,NICA,32.04,642.0,654.8,630.0,635.0,633.92,"37,836.00",642.90,"23,985,156.50",389,-7.9,24.8,-1.23,3.94,0.17,955.00,630.00,,
2022/09/08,121,NICA,31.44,640.0,641.0,626.0,630.9,630.32,"29,046.00",635.00,"18,308,336.60",310,-4.1,15.0,-0.65,2.4,0.09,955.00,626.00,,
2022/09/11,119,NICA,27.84,627.0,634.9,627.0,630.0,629.74,"17,208.00",630.90,"10,836,637.30",191,-0.9,7.9,-0.14,1.26,0.04,955.00,626.00,,
2022/09/12,120,NICA,28.78,627.0,630.0,626.0,627.1,626.59,"19,410.00",630.00,"12,162,069.60",202,-2.9,4.0,-0.46,0.64,0.08,955.00,626.00,,
2022/09/13,173,NICA,64.71,502.0,513.0,490.0,508.0,504.53,"280,089.00",502.00,"141,314,159.70","1,150",6.00,23.00,1.2,4.69,0.68,852.00,341.60,417.85,449.74
2022/09/14,123,NICA,43.07,635.0,650.0,635.0,650.0,646.21,"18,053.00",633.00,"11,666,105.00",224,17.0,15.0,2.69,2.36,0.58,943.00,626.00,,
2022/09/15,125,NICA,43.01,653.0,653.0,628.1,630.0,634.23,"41,415.00",650.00,"26,266,552.50",350,-20.0,24.9,-3.08,3.96,-0.67,935.30,626.00,,
2022/09/16,120,NICA,39.29,621.0,629.9,618.0,627.0,624.96,"19,072.00",630.00,"11,919,312.70",170,-3.0,11.9,-0.48,1.93,0.32,935.30,618.00,,
2022/09/18,126,NICA,33.9,620.1,626.9,617.0,617.1,621.09,"38,395.00",627.00,"23,846,911.90",329,-9.9,9.9,-1.58,1.6,-0.65,935.30,617.00,,
2022/09/20,129,NICA,27.9,620.0,620.0,602.0,603.1,606.26,"34,869.00",617.10,"21,139,720.02",389,-14.0,18.0,-2.27,2.99,-0.52,935.30,602.00,,
2022/09/21,125,NICA,32.87,615.0,615.0,605.0,610.0,612.30,"23,401.00",603.10,"14,328,316.20",234,6.9,10.0,1.14,1.65,-0.38,935.30,602.00,,
2022/09/22,126,NICA,28.6,620.8,620.8,609.0,613.9,611.34,"7,862.00",610.00,"4,806,343.70",125,3.9,11.80,0.64,1.94,0.42,935.30,602.00,,
2022/09/25,126,NICA,32.99,618.0,620.0,600.3,604.3,605.88,"30,846.00",613.90,"18,688,918.10",223,-9.6,19.7,-1.56,3.28,-0.26,935.30,600.30,,
2022/09/27,128,NICA,39.89,610.0,618.0,605.1,609.0,610.87,"19,390.00",604.30,"11,844,853.50",174,4.7,12.9,0.78,2.13,-0.31,935.30,600.30,,
2022/09/28,121,NICA,38.31,609.0,617.0,608.0,612.0,612.37,"16,060.00",609.00,"9,834,718.50",132,3.0,9.0,0.49,1.48,-0.06,935.30,600.30,,
2022/09/29,119,NICA,42.5,612.0,623.0,605.2,618.3,613.46,"26,572.00",612.00,"16,300,959.10",176,6.3,17.8,1.03,2.94,0.78,935.30,600.30,,
2022/10/09,121,NICA,45.97,629.0,632.0,614.0,632.0,620.98,"24,888.00",618.30,"15,454,855.30",197,13.7,18.0,2.22,2.93,1.74,935.30,600.30,,
2022/10/10,129,NICA,43.98,633.7,633.7,613.0,621.4,619.78,"18,776.00",632.00,"11,636,983.00",213,-10.6,20.7,-1.68,3.38,0.26,935.30,600.30,,
2022/10/11,128,NICA,38.11,620.0,621.0,608.6,609.0,610.05,"19,681.00",621.40,"12,006,407.80",181,-12.4,12.4,-2.0,2.04,-0.17,935.30,600.30,,
2022/10/12,121,NICA,35.58,610.0,617.7,607.3,612.5,610.44,"17,812.00",609.00,"10,873,156.70",174,3.5,10.4,0.57,1.71,0.34,935.30,600.30,,
2022/10/13,122,NICA,28.7,610.0,615.0,606.0,612.0,610.16,"25,259.00",612.50,"15,411,972.30",215,-0.5,9.0,-0.08,1.49,0.3,935.30,600.30,,
2022/10/16,120,NICA,29.35,620.0,620.0,608.0,609.9,609.38,"14,547.00",612.00,"8,864,682.30",188,-2.10,12.0,-0.34,1.97,0.08,935.30,600.30,,
2022/10/17,120,NICA,37.55,612.0,614.0,610.0,610.0,611.51,"9,862.00",609.90,"6,030,662.80",131,0.1,4.0,0.02,0.66,-0.25,935.30,600.30,,
2022/10/19,118,NICA,43.34,615.0,618.0,610.0,615.1,612.48,"23,531.00",610.00,"14,412,154.20",172,5.1,8.0,0.84,1.31,0.43,935.30,600.30,,
2022/10/20,120,NICA,43.82,615.0,620.0,612.5,615.9,615.85,"21,739.00",615.10,"13,388,024.90",137,0.8,7.5,0.13,1.22,0.01,935.30,600.30,,
2022/10/23,122,NICA,40.13,617.0,624.9,616.0,618.0,617.68,"9,212.00",615.90,"5,690,098.10",138,2.1,8.9,0.34,1.44,0.05,935.30,600.30,,
2022/10/31,124,NICA,48.5,629.9,664.0,629.9,660.0,649.68,"95,003.00",618.00,"61,721,232.60",781,42.0,34.1,6.8,5.41,1.56,935.30,600.30,,
2022/11/01,173,NICA,64.71,502.0,513.0,490.0,508.0,504.53,"280,089.00",502.00,"141,314,159.70","1,150",6.00,23.00,1.2,4.69,0.68,852.00,341.60,417.85,449.74
2022/11/02,125,NICA,51.07,700.0,702.0,684.0,693.6,695.60,"52,344.00",695.00,"36,410,432.70",532,-1.4,18.0,-0.2,2.63,-0.29,935.30,600.30,,
2022/11/03,121,NICA,49.32,690.0,691.0,678.0,684.0,684.38,"46,344.00",693.60,"31,716,708.70",382,-9.60,13.00,-1.38,1.92,-0.05,935.30,600.30,,
2022/11/06,127,NICA,41.15,690.0,693.0,678.1,689.0,686.46,"45,183.00",684.00,"31,016,389.00",410,5.0,14.9,0.73,2.2,0.37,935.30,600.30,,
2022/11/07,124,NICA,34.27,698.0,698.0,678.0,678.0,685.72,"50,047.00",689.00,"34,318,453.50",385,-11.0,20.0,-1.6,2.95,-1.14,935.30,600.30,,
2022/11/08,124,NICA,33.88,676.0,680.0,674.0,676.1,677.07,"29,430.00",678.00,"19,926,154.90",253,-1.9,6.0,-0.28,0.89,-0.14,935.30,600.30,,
2022/11/09,124,NICA,33.07,685.0,685.0,669.1,670.0,673.19,"24,540.00",676.10,"16,520,119.30",261,-6.1,15.9,-0.9,2.38,-0.48,935.30,600.30,,
2022/11/10,124,NICA,32.34,672.0,675.0,660.0,660.1,665.51,"38,406.00",670.00,"25,559,451.90",356,-9.9,15.0,-1.48,2.27,-0.82,935.30,600.30,,
2022/11/13,127,NICA,27.31,660.1,667.9,650.0,660.0,659.70,"19,746.00",660.10,"13,026,486.60",218,-0.1,17.9,-0.02,2.75,0.05,935.30,600.30,,
2022/11/14,126,NICA,33.12,660.0,671.0,657.0,669.0,660.75,"30,779.00",660.00,"20,337,336.00",254,9.0,14.0,1.36,2.13,1.23,935.30,600.30,,
2022/11/15,124,NICA,32.5,680.0,680.0,661.0,665.0,668.38,"23,607.00",669.00,"15,778,546.20",246,-4.0,19.0,-0.6,2.87,-0.51,935.30,600.30,,
2022/11/16,127,NICA,36.7,666.0,685.0,665.0,680.0,678.54,"23,582.00",665.00,"16,001,360.90",225,15.0,20.0,2.26,3.01,0.21,935.30,600.30,,
2022/11/17,122,NICA,39.44,692.0,692.0,685.0,688.0,688.51,"30,365.00",680.00,"20,906,729.10",287,8.0,7.00,1.18,1.02,-0.07,935.30,600.30,,
2022/11/22,128,NICA,37.0,699.7,700.0,686.0,686.0,692.57,"22,019.00",688.00,"15,249,797.90",236,-2.00,14.0,-0.29,2.04,-0.96,935.30,600.30,,
2022/11/23,125,NICA,34.88,686.0,690.0,681.2,683.0,684.52,"11,745.00",686.00,"8,039,715.20",163,-3.0,8.8,-0.44,1.29,-0.22,935.30,600.30,,
2022/11/24,128,NICA,38.75,685.0,690.0,680.0,690.0,683.27,"42,892.00",683.00,"29,306,669.20",247,7.0,10.0,1.02,1.47,0.98,935.30,600.30,,
2022/11/27,133,NICA,40.95,695.0,700.0,685.2,699.0,694.52,"33,586.00",690.00,"23,326,120.40",305,9.0,14.8,1.3,2.16,0.64,935.30,600.30,,
2022/11/28,131,NICA,43.26,700.0,705.8,686.5,689.0,693.23,"52,802.00",699.00,"36,603,806.70",350,-10.0,19.3,-1.43,2.81,-0.61,935.30,600.30,,
2022/11/29,132,NICA,37.68,680.0,694.0,678.0,688.2,687.41,"24,057.00",689.00,"16,536,991.10",209,-0.8,16.0,-0.12,2.36,0.11,935.30,600.30,,
2022/11/30,132,NICA,37.2,684.0,699.0,684.0,697.0,694.97,"24,065.00",688.20,"16,724,531.80",180,8.8,15.0,1.28,2.19,0.29,935.30,600.30,,
2022/12/01,137,NICA,51.27,695.0,723.0,693.1,711.5,709.19,"57,322.00",697.00,"40,652,219.10",499,14.5,29.9,2.08,4.31,0.32,935.30,600.30,,
2022/12/04,136,NICA,51.45,711.5,720.0,710.0,712.9,716.30,"46,294.00",711.50,"33,160,505.50",408,1.4,10.0,0.2,1.41,-0.48,935.30,600.30,,
2022/12/05,134,NICA,50.56,712.0,712.0,697.8,698.0,705.04,"35,135.00",712.90,"24,771,426.20",302,-14.9,14.2,-2.09,2.03,-1.01,935.30,600.30,,
2022/12/06,131,NICA,35.73,700.0,705.0,692.0,693.0,696.73,"50,730.00",698.00,"35,345,246.90",269,-5.0,13.0,-0.72,1.88,-0.54,935.30,600.30,,
2022/12/07,138,NICA,30.87,686.0,699.0,686.0,688.3,689.10,"36,633.00",693.00,"25,243,646.50",199,-4.7,13.0,-0.68,1.9,-0.12,935.30,600.30,,
2022/12/11,141,NICA,34.76,675.0,685.0,670.1,670.1,677.37,"57,943.00",688.30,"39,248,832.90",405,-18.2,14.9,-2.64,2.22,-1.08,935.30,600.30,,
2022/12/12,137,NICA,35.11,666.0,679.9,660.0,679.0,670.82,"61,536.00",670.10,"41,279,677.30",388,8.9,19.9,1.33,3.02,1.2,935.30,600.30,,
2022/12/13,137,NICA,30.72,679.0,688.0,674.0,676.3,678.87,"26,409.00",679.00,"17,928,323.40",154,-2.7,14.0,-0.4,2.08,-0.38,935.30,600.30,,
2022/12/14,138,NICA,26.31,672.0,717.0,672.0,675.1,680.95,"16,910.00",676.30,"11,514,877.60",178,-1.2,45.0,-0.18,6.7,-0.87,935.30,600.30,,
2022/12/15,143,NICA,40.18,672.0,678.9,670.1,672.0,673.99,"15,343.00",675.10,"10,340,985.70",165,-3.1,8.8,-0.46,1.31,-0.3,935.30,600.30,,
2022/12/18,138,NICA,35.06,665.0,670.0,661.1,665.0,663.25,"25,597.00",672.00,"16,977,284.80",249,-7.0,8.9,-1.04,1.35,0.26,935.30,600.30,,
2022/12/19,140,NICA,24.42,665.0,670.0,661.3,665.2,666.33,"11,080.00",665.00,"7,382,941.00",127,0.2,8.7,0.03,1.32,-0.17,935.30,600.30,,
2022/12/20,141,NICA,36.52,667.0,680.0,666.0,673.0,674.90,"14,011.00",665.20,"9,456,005.90",117,7.8,14.0,1.17,2.1,-0.28,935.30,600.30,,
2022/12/21,140,NICA,40.75,660.0,682.0,660.0,667.3,672.93,"175,719.00",673.00,"118,246,001.10","1,018",-5.7,22.0,-0.85,3.33,-0.84,935.30,600.30,,
2022/12/22,136,NICA,45.19,654.0,666.0,654.0,665.2,662.03,"86,046.00",667.30,"56,965,324.50",499,-2.1,12.0,-0.31,1.83,0.48,935.30,600.30,,
2022/12/26,137,NICA,50.79,673.0,695.0,670.2,694.0,683.68,"100,520.00",665.20,"68,723,509.40",597,28.8,24.8,4.33,3.7,1.49,935.30,600.30,,
2022/12/27,145,NICA,55.26,700.0,710.0,696.0,700.1,704.06,"143,766.00",694.00,"101,220,431.00",803,6.1,14.00,0.88,2.01,-0.57,935.30,600.30,,
2022/12/28,142,NICA,42.41,702.0,706.0,689.0,689.0,697.24,"79,579.00",700.10,"55,485,563.90",477,-11.1,17.0,-1.59,2.47,-1.2,935.30,600.30,,
2022/12/29,143,NICA,54.63,702.0,726.0,689.0,722.2,712.29,"135,700.00",689.00,"96,658,165.20",750,33.2,37.0,4.82,5.37,1.37,935.30,600.30,,
2023/01/01,147,NICA,54.37,727.0,750.0,723.0,738.0,736.76,"136,249.00",722.20,"100,383,387.40",881,15.8,27.00,2.19,3.73,0.17,935.30,600.30,,
2023/01/02,139,NICA,56.28,738.0,772.8,725.0,765.0,759.63,"146,722.00",738.00,"111,455,088.30","1,040",27.0,47.8,3.66,6.59,0.7,935.30,600.30,,
2023/01/03,142,NICA,58.79,775.0,775.0,755.0,767.9,768.97,"125,746.00",765.00,"96,695,094.80",836,2.9,20.0,0.38,2.65,-0.14,935.30,600.30,,
2023/01/04,142,NICA,57.17,760.0,797.0,760.0,784.0,775.56,"100,499.00",767.90,"77,942,870.90",726,16.1,37.0,2.1,4.87,1.08,935.30,600.30,,
2023/01/05,140,NICA,57.68,799.6,805.0,778.0,790.0,789.24,"150,073.00",784.00,"118,444,306.00",864,6.0,27.0,0.77,3.47,0.1,935.30,600.30,,
2023/01/08,143,NICA,51.34,789.0,803.0,784.0,790.1,796.70,"100,573.00",790.00,"80,126,145.20",643,0.10,19.00,0.01,2.42,-0.83,935.30,600.30,,
2023/01/09,142,NICA,56.9,790.0,821.0,781.0,804.0,806.17,"208,228.00",790.10,"167,866,818.10","1,170",13.9,40.0,1.76,5.12,-0.27,935.30,600.30,,
2023/01/10,137,NICA,53.57,811.0,835.0,796.0,805.0,811.90,"205,989.00",804.00,"167,243,233.80","1,380",1.0,39.0,0.12,4.9,-0.86,935.30,600.30,,
2023/01/12,136,NICA,51.08,821.1,828.0,801.1,803.0,810.76,"157,664.00",805.00,"127,827,710.00","1,007",-2.0,26.9,-0.25,3.36,-0.97,935.30,600.30,,
2023/01/17,134,NICA,49.91,819.0,820.0,796.1,816.3,810.12,"99,350.00",803.00,"80,485,774.60",763,13.3,23.9,1.66,3.0,0.76,935.30,600.30,,
2023/01/18,134,NICA,47.24,820.0,825.0,804.0,811.0,815.33,"94,624.00",816.30,"77,149,905.90",608,-5.3,21.0,-0.65,2.61,-0.53,935.30,600.30,,
2023/01/19,132,NICA,53.22,811.0,850.0,804.1,845.0,834.09,"216,337.00",811.00,"180,444,653.50","1,428",34.0,45.9,4.19,5.71,1.29,935.30,600.30,,
2023/01/23,140,NICA,47.74,861.9,861.9,831.0,835.0,844.22,"151,120.00",845.00,"127,577,972.50","1,035",-10.0,30.9,-1.18,3.72,-1.1,935.30,600.30,,
2023/01/24,135,NICA,44.34,849.5,850.0,825.1,832.0,829.57,"90,781.00",835.00,"75,309,260.20",587,-3.0,24.9,-0.36,3.02,0.29,900.00,600.30,,
2023/01/25,136,NICA,44.7,844.9,844.9,823.0,825.0,828.40,"72,897.00",832.00,"60,387,897.70",487,-7.0,21.9,-0.84,2.66,-0.41,890.00,600.30,,
2023/01/26,135,NICA,42.14,832.0,833.5,818.0,824.0,826.77,"76,729.00",825.00,"63,437,273.00",444,-1.0,15.5,-0.12,1.89,-0.34,890.00,600.30,,
2023/01/29,139,NICA,41.93,823.0,833.6,820.0,826.0,826.27,"86,314.00",824.00,"71,318,301.10",488,2.0,13.6,0.24,1.66,-0.03,890.00,600.30,,
2023/01/30,137,NICA,39.51,820.0,830.0,810.5,811.9,819.09,"92,484.00",826.00,"75,752,768.30",594,-14.1,19.5,-1.71,2.41,-0.89,890.00,600.30,,
2023/01/31,140,NICA,38.43,815.0,820.0,803.6,808.5,811.54,"87,591.00",811.90,"71,083,403.60",487,-3.4,16.4,-0.42,2.04,-0.38,890.00,600.30,,
2023/02/01,136,NICA,39.14,802.0,823.0,802.0,815.1,814.33,"58,462.00",808.50,"47,607,453.90",386,6.6,21.0,0.82,2.62,0.09,883.00,600.30,,
2023/02/02,139,NICA,34.93,815.1,825.0,802.0,810.4,817.03,"67,366.00",815.10,"55,040,183.50",375,-4.7,23.0,-0.58,2.87,-0.82,877.00,600.30,,
2023/02/05,139,NICA,39.28,811.0,825.0,811.0,817.0,818.34,"71,506.00",810.40,"58,516,096.40",466,6.6,14.0,0.81,1.73,-0.16,872.00,600.30,,
2023/02/06,138,NICA,42.68,805.1,831.0,805.1,828.0,824.59,"78,309.00",817.00,"64,573,061.20",495,11.0,25.9,1.35,3.22,0.41,872.00,600.30,,
2023/02/07,141,NICA,46.97,815.1,839.5,815.1,835.0,835.24,"154,737.00",828.00,"129,242,726.90",737,7.0,24.4,0.85,2.99,-0.03,872.00,600.30,,
2023/02/08,139,NICA,51.81,848.6,852.0,834.0,835.0,838.85,"97,610.00",835.00,"81,880,515.40",446,0.0,18.0,0.0,2.16,-0.46,872.00,600.30,,
2023/02/09,140,NICA,44.63,834.0,841.8,830.0,840.0,835.33,"49,992.00",835.00,"41,759,853.30",367,5.0,11.8,0.6,1.42,0.56,861.90,600.30,,
2023/02/12,135,NICA,33.27,825.0,835.0,817.0,820.9,824.19,"93,577.00",840.00,"77,125,437.00",578,-19.1,18.0,-2.27,2.2,-0.4,861.90,600.30,,
2023/02/14,138,NICA,32.31,817.1,821.0,810.2,815.5,815.22,"84,726.00",820.90,"69,070,448.30",526,-5.40,10.8,-0.66,1.33,0.03,861.90,600.30,,
2023/02/15,138,NICA,32.92,810.1,821.0,810.1,817.0,815.33,"57,530.00",815.50,"46,905,929.60",350,1.50,10.90,0.18,1.35,0.2,861.90,600.30,,
2023/02/16,138,NICA,31.78,810.0,818.0,810.0,811.5,813.32,"45,965.00",817.00,"37,384,423.40",300,-5.50,8.00,-0.67,0.99,-0.22,861.90,600.30,,
2023/02/20,139,NICA,29.65,809.0,819.9,798.0,815.0,810.39,"68,598.00",811.50,"55,591,201.50",378,3.5,21.9,0.43,2.74,0.57,861.90,600.30,,
2023/02/22,147,NICA,43.64,821.0,821.0,808.0,818.0,816.23,"55,398.00",815.00,"45,217,636.90",366,3.0,13.0,0.37,1.61,0.22,861.90,600.30,,
2023/02/23,140,NICA,40.42,808.0,815.0,803.4,814.0,811.54,"98,136.00",818.00,"79,641,532.00",407,-4.0,11.6,-0.49,1.44,0.3,861.90,600.30,,
2023/02/26,138,NICA,43.16,810.1,815.0,793.8,810.0,802.19,"98,067.00",814.00,"78,667,922.70",662,-4.0,21.2,-0.49,2.67,0.96,861.90,600.30,,
2023/02/27,137,NICA,36.46,810.0,820.0,801.1,812.0,808.14,"62,896.00",810.00,"50,828,934.70",409,2.0,18.90,0.25,2.36,0.48,861.90,600.30,,
2023/02/28,142,NICA,29.68,801.0,815.5,801.0,811.5,812.15,"37,309.00",812.00,"30,300,347.20",273,-0.5,14.5,-0.06,1.81,-0.08,861.90,600.30,,
2023/03/01,137,NICA,33.03,805.1,815.0,804.1,806.0,807.82,"40,211.00",811.50,"32,483,338.30",307,-5.50,10.90,-0.68,1.36,-0.23,861.90,600.30,,
2023/03/02,138,NICA,25.73,806.0,806.0,798.1,800.0,800.98,"54,595.00",806.00,"43,729,649.10",449,-6.0,7.9,-0.74,0.99,-0.12,861.90,600.30,,
2023/03/05,139,NICA,25.13,813.0,813.0,792.2,794.0,795.71,"32,917.00",800.00,"26,192,401.90",354,-6.0,20.8,-0.75,2.63,-0.22,861.90,600.30,,
2023/03/07,139,NICA,26.09,795.0,801.0,788.0,796.0,792.97,"38,109.00",794.00,"30,219,184.50",270,2.0,13.0,0.25,1.65,0.38,861.90,600.30,,
2023/03/09,137,NICA,42.73,791.0,810.0,791.0,808.0,805.57,"28,688.00",796.00,"23,110,049.90",278,12.0,19.0,1.51,2.4,0.3,861.90,600.30,,
2023/03/12,138,NICA,34.4,820.0,822.0,797.0,798.0,801.34,"31,706.00",808.00,"25,407,342.80",366,-10.0,25.0,-1.24,3.14,-0.42,861.90,600.30,,
2023/03/13,173,NICA,64.71,502.0,513.0,490.0,508.0,504.53,"280,089.00",502.00,"141,314,159.70","1,150",6.00,23.00,1.2,4.69,0.68,852.00,341.60,417.85,449.74
2023/03/14,173,NICA,64.71,502.0,513.0,490.0,508.0,504.53,"280,089.00",502.00,"141,314,159.70","1,150",6.00,23.00,1.2,4.69,0.68,852.00,341.60,417.85,449.74
2023/03/15,173,NICA,64.71,502.0,513.0,490.0,508.0,504.53,"280,089.00",502.00,"141,314,159.70","1,150",6.00,23.00,1.2,4.69,0.68,852.00,341.60,417.85,449.74
2023/03/16,135,NICA,34.51,755.0,755.0,736.1,750.0,743.58,"66,560.00",748.00,"49,492,619.80",554,2.0,18.9,0.27,2.57,0.86,861.90,600.30,,
2023/03/19,136,NICA,32.77,755.0,755.0,739.0,742.0,743.14,"53,939.00",750.00,"40,084,482.00",528,-8.0,16.0,-1.07,2.17,-0.15,861.90,600.30,,
2023/03/20,136,NICA,36.99,749.0,749.0,731.1,738.0,736.87,"84,134.00",742.00,"61,995,922.80",667,-4.0,17.9,-0.54,2.45,0.15,861.90,600.30,,
2023/03/22,139,NICA,38.45,740.1,740.1,721.0,723.0,728.04,"113,311.00",738.00,"82,495,494.50",683,-15.0,19.1,-2.03,2.65,-0.7,861.90,600.30,,
2023/03/23,138,NICA,35.84,729.0,729.0,666.5,686.0,691.41,"314,524.00",723.00,"217,464,868.10","1,534",-37.0,62.5,-5.12,9.38,-0.79,861.90,600.30,,
2023/03/26,138,NICA,32.97,686.0,697.9,680.0,687.0,690.00,"115,245.00",686.00,"79,519,557.90",700,1.0,17.9,0.15,2.63,-0.44,861.90,600.30,,
2023/03/27,139,NICA,36.32,680.0,695.0,675.3,695.0,684.89,"57,816.00",687.00,"39,597,344.50",402,8.0,19.7,1.16,2.92,1.46,861.90,600.30,,
2023/03/28,139,NICA,38.38,708.0,708.0,688.0,689.0,698.69,"62,508.00",695.00,"43,673,517.30",619,-6.0,20.0,-0.86,2.91,-1.41,861.90,600.30,,
2023/03/29,137,NICA,40.79,690.0,694.0,687.0,689.0,689.79,"51,749.00",689.00,"35,695,866.10",363,0.0,7.0,0.0,1.02,-0.11,861.90,600.30,,
2023/03/30,135,NICA,36.11,700.0,700.0,689.0,690.8,691.14,"30,902.00",689.00,"21,357,616.10",261,1.8,11.0,0.26,1.6,-0.05,861.90,600.30,,
2023/04/02,138,NICA,37.58,703.0,719.1,689.0,692.0,694.70,"72,783.00",690.80,"50,562,485.30",691,1.2,30.1,0.17,4.37,-0.39,861.90,600.30,,
2023/04/03,137,NICA,37.07,704.9,704.9,686.0,690.0,689.81,"42,504.00",692.00,"29,319,710.10",368,-2.0,18.9,-0.29,2.76,0.03,861.90,600.30,,
2023/04/04,139,NICA,39.97,700.0,700.0,685.0,696.6,693.55,"47,314.00",690.00,"32,814,535.80",354,6.6,15.0,0.96,2.19,0.44,861.90,600.30,,
2023/04/05,136,NICA,37.26,699.0,700.0,691.0,696.2,695.88,"26,748.00",696.60,"18,613,374.60",244,-0.4,9.0,-0.06,1.3,0.05,861.90,600.30,,
2023/04/06,141,NICA,35.75,705.0,705.0,693.0,697.0,696.94,"30,695.00",696.20,"21,392,697.00",259,0.8,12.0,0.11,1.73,0.01,861.90,600.30,,
2023/04/09,145,NICA,34.98,697.0,698.0,690.0,693.0,691.77,"35,930.00",697.00,"24,855,264.00",449,-4.0,8.0,-0.57,1.16,0.18,861.90,600.30,,
2023/04/10,137,NICA,35.58,688.0,695.9,688.0,693.0,691.34,"39,095.00",693.00,"27,027,964.70",309,0.0,7.9,0.0,1.15,0.24,861.90,600.30,,
2023/04/11,139,NICA,36.86,700.0,704.0,692.3,697.5,698.11,"24,498.00",693.00,"17,102,421.10",255,4.50,11.70,0.65,1.69,-0.09,861.90,600.30,,
2023/04/12,141,NICA,51.05,704.0,735.0,704.0,730.0,720.34,"87,390.00",697.50,"62,950,442.30",734,32.50,31.00,4.66,4.4,1.32,861.90,600.30,,
2023/04/13,142,NICA,47.52,735.0,740.0,719.0,722.0,726.18,"73,696.00",730.00,"53,516,887.50",720,-8.0,21.00,-1.1,2.92,-0.58,861.90,600.30,,
2023/04/16,173,NICA,64.71,502.0,513.0,490.0,508.0,504.53,"280,089.00",502.00,"141,314,159.70","1,150",6.00,23.00,1.2,4.69,0.68,852.00,341.60,417.85,449.74
2023/04/17,139,NICA,41.72,730.0,738.0,727.4,728.0,730.28,"42,664.00",733.00,"31,156,743.40",322,-5.0,10.6,-0.68,1.46,-0.31,861.90,600.30,,
2023/04/18,138,NICA,43.21,726.0,739.0,722.1,735.0,733.20,"36,250.00",728.00,"26,578,451.90",309,7.0,16.9,0.96,2.34,0.25,861.90,600.30,,
2023/04/19,142,NICA,50.45,741.8,742.0,731.0,740.7,735.89,"43,290.00",735.00,"31,856,534.80",312,5.7,11.0,0.78,1.5,0.65,861.90,600.30,,
2023/04/20,141,NICA,37.27,755.5,755.5,729.0,734.0,734.26,"78,369.00",740.70,"57,543,425.20",542,-6.7,26.50,-0.9,3.64,-0.04,861.90,600.30,,
2023/04/23,138,NICA,29.04,735.0,736.0,722.2,723.0,727.18,"32,862.00",734.00,"23,896,535.10",372,-11.0,13.8,-1.5,1.91,-0.58,861.90,600.30,,
2023/04/24,142,NICA,25.45,724.0,724.0,717.0,717.0,719.31,"26,276.00",723.00,"18,900,536.40",301,-6.0,7.0,-0.83,0.98,-0.32,861.90,600.30,,
2023/04/25,135,NICA,28.85,724.9,735.0,718.0,735.0,725.27,"23,019.00",717.00,"16,694,990.50",221,18.0,17.0,2.51,2.37,1.32,861.90,600.30,,
2023/04/26,137,NICA,27.88,735.0,736.0,724.0,724.0,732.42,"32,344.00",735.00,"23,689,485.50",245,-11.0,12.0,-1.5,1.66,-1.16,861.90,600.30,,
2023/04/27,140,NICA,28.92,725.0,726.5,720.0,725.0,722.37,"19,375.00",724.00,"13,995,842.80",181,1.00,6.5,0.14,0.9,0.36,861.90,600.30,,
2023/04/30,142,NICA,28.02,726.0,736.6,717.1,720.0,722.62,"15,050.00",725.00,"10,875,452.70",208,-5.0,19.5,-0.69,2.72,-0.36,861.90,600.30,,
2023/05/02,145,NICA,25.75,729.0,729.0,714.0,714.0,716.15,"18,441.00",720.00,"13,206,469.30",259,-6.0,15.0,-0.83,2.1,-0.3,861.90,600.30,,
2023/05/03,139,NICA,22.41,715.0,715.0,710.1,712.6,712.19,"14,729.00",714.00,"10,489,802.80",218,-1.4,4.9,-0.2,0.69,0.06,861.90,600.30,,
2023/05/04,146,NICA,26.63,720.0,723.0,707.0,717.0,712.34,"22,581.00",712.60,"16,085,319.30",295,4.4,16.0,0.62,2.26,0.65,861.90,600.30,,
2023/05/07,139,NICA,23.97,717.0,723.0,709.2,714.9,712.34,"21,718.00",717.00,"15,470,632.20",240,-2.1,13.8,-0.29,1.95,0.36,861.90,600.30,,
2023/05/08,144,NICA,25.28,712.0,719.0,706.5,708.0,708.49,"27,837.00",714.90,"19,722,203.90",252,-6.9,12.50,-0.97,1.77,-0.07,861.90,600.30,,
2023/05/09,141,NICA,28.47,708.2,720.0,700.1,711.9,711.22,"20,728.00",708.00,"14,742,185.00",215,3.9,19.9,0.55,2.84,0.1,861.90,600.30,,
2023/05/10,140,NICA,22.86,719.0,719.0,709.0,709.0,710.87,"17,826.00",711.90,"12,671,947.40",155,-2.9,10.0,-0.41,1.41,-0.26,861.90,600.30,,
2023/05/11,137,NICA,33.48,709.9,711.9,707.0,709.0,708.70,"22,977.00",709.00,"16,283,908.30",181,0.0,4.9,0.0,0.69,0.04,861.90,600.30,,
2023/05/14,139,NICA,33.52,717.0,717.0,699.0,699.0,703.44,"65,044.00",709.00,"45,754,704.90",485,-10.0,18.0,-1.41,2.58,-0.64,861.90,600.30,,
2023/05/15,142,NICA,32.77,699.1,706.0,693.1,694.6,697.40,"43,687.00",699.00,"30,467,469.30",365,-4.4,12.9,-0.63,1.86,-0.4,861.90,600.30,,
2023/05/16,173,NICA,64.71,502.0,513.0,490.0,508.0,504.53,"280,089.00",502.00,"141,314,159.70","1,150",6.00,23.00,1.2,4.69,0.68,852.00,341.60,417.85,449.74
2023/05/17,140,NICA,41.01,690.0,704.5,690.0,700.0,695.97,"68,132.00",690.00,"47,417,924.50",353,10.0,14.5,1.45,2.1,0.58,861.90,600.30,,
2023/05/18,140,NICA,53.14,700.0,709.5,698.1,708.5,704.66,"96,034.00",700.00,"67,671,776.80",392,8.5,11.4,1.21,1.63,0.54,861.90,600.30,,
2023/05/21,148,NICA,48.49,712.0,715.0,705.0,708.0,709.26,"48,741.00",708.50,"34,569,973.30",430,-0.50,10.00,-0.07,1.42,-0.18,861.90,600.30,,
2023/05/22,144,NICA,50.73,708.0,709.9,700.0,705.9,706.56,"68,416.00",708.00,"48,339,819.30",383,-2.10,9.90,-0.3,1.41,-0.09,861.90,600.30,,
2023/05/23,143,NICA,55.98,712.0,724.0,710.0,721.0,716.66,"100,970.00",705.90,"72,361,213.40",406,15.10,14.00,2.14,1.97,0.6,861.90,600.30,,
2023/05/24,146,NICA,52.29,725.0,759.0,717.1,733.5,730.77,"37,135.00",721.00,"27,137,295.20",323,12.50,41.90,1.73,5.84,0.37,861.90,600.30,,
2023/05/28,141,NICA,55.29,735.0,747.0,723.0,725.2,734.27,"57,567.00",733.50,"42,269,480.00",452,-8.30,24.00,-1.13,3.32,-1.25,861.90,600.30,,
2023/05/30,145,NICA,55.98,721.7,725.0,700.0,715.0,712.93,"66,387.00",725.20,"47,329,158.10",467,-10.2,25.00,-1.41,3.57,0.29,861.90,600.30,,
2023/05/31,137,NICA,38.42,710.0,717.0,698.0,703.0,703.50,"86,240.00",715.00,"60,669,893.60",568,-12.00,19.00,-1.68,2.72,-0.07,861.90,600.30,,
2023/06/01,144,NICA,37.33,710.0,716.0,698.5,713.5,708.13,"64,360.00",703.00,"45,575,460.40",446,10.5,17.50,1.49,2.51,0.75,861.90,600.30,,
2023/06/04,144,NICA,49.71,710.0,735.0,710.0,712.6,724.35,"85,849.00",713.50,"62,185,019.00",645,-0.90,25.0,-0.13,3.52,-1.65,861.90,600.30,,
2023/06/05,147,NICA,39.04,724.9,724.9,712.0,712.1,715.57,"51,968.00",712.60,"37,186,706.10",364,-0.5,12.90,-0.07,1.81,-0.49,861.90,600.30,,
2023/06/06,142,NICA,48.98,716.0,720.0,713.1,716.0,715.32,"20,101.00",712.10,"14,378,676.10",230,3.9,6.90,0.55,0.97,0.09,861.90,600.30,,
2023/06/07,137,NICA,41.8,716.0,724.0,715.1,716.5,720.47,"35,488.00",716.00,"25,567,987.70",274,0.5,8.9,0.07,1.24,-0.55,861.90,600.30,,
2023/06/08,145,NICA,48.18,715.0,721.9,714.5,719.0,718.01,"28,350.00",716.50,"20,355,617.20",178,2.5,7.4,0.35,1.04,0.14,861.90,600.30,,
2023/06/11,147,NICA,58.87,721.0,735.0,716.2,731.0,725.46,"97,299.00",719.00,"70,586,246.30",400,12.00,18.80,1.67,2.62,0.76,861.90,600.30,,
2023/06/12,153,NICA,54.35,733.0,746.0,733.0,739.0,739.32,"57,704.00",731.00,"42,661,573.50",425,8.00,13.00,1.09,1.77,-0.04,861.90,600.30,,
2023/06/13,147,NICA,57.97,753.7,753.7,733.0,750.0,747.22,"87,057.00",739.00,"65,051,043.20",567,11.00,20.70,1.49,2.82,0.37,861.90,600.30,,
2023/06/14,147,NICA,60.05,735.0,784.0,735.0,775.0,769.02,"142,091.00",750.00,"109,270,745.60",915,25.00,49.00,3.33,6.67,0.77,861.90,600.30,,
2023/06/15,145,NICA,51.79,775.0,778.0,760.0,778.0,767.94,"54,223.00",775.00,"41,639,999.20",458,3.0,18.00,0.39,2.37,1.29,861.90,600.30,,
2023/06/18,152,NICA,54.19,785.0,786.0,769.0,778.0,779.48,"44,461.00",778.00,"34,656,631.50",429,0.0,17.00,0.0,2.21,-0.19,861.90,600.30,,
2023/06/19,146,NICA,49.62,779.0,780.0,767.0,768.2,772.26,"54,506.00",778.00,"42,092,586.00",408,-9.80,13.00,-1.26,1.69,-0.53,861.90,600.30,,
2023/06/20,145,NICA,38.61,775.0,778.0,755.0,759.0,764.36,"34,384.00",768.20,"26,281,730.40",261,-9.2,23.0,-1.2,3.05,-0.71,861.90,600.30,,
2023/06/21,143,NICA,39.72,764.0,771.0,750.0,750.0,754.09,"52,004.00",759.00,"39,215,589.40",425,-9.0,21.00,-1.19,2.8,-0.55,861.90,600.30,,
2023/06/22,145,NICA,40.45,755.0,760.0,743.0,750.0,750.90,"63,239.00",750.00,"47,486,343.60",375,0.00,17.00,0.0,2.29,-0.12,861.90,600.30,,
2023/06/25,145,NICA,51.19,750.0,770.0,740.0,769.0,757.07,"89,107.00",750.00,"67,460,152.60",548,19.00,30.00,2.53,4.05,1.55,861.90,600.30,,
2023/06/26,173,NICA,64.71,502.0,513.0,490.0,508.0,504.53,"280,089.00",502.00,"141,314,159.70","1,150",6.00,23.00,1.2,4.69,0.68,852.00,341.60,417.85,449.74
2023/06/27,148,NICA,57.41,800.0,803.4,785.0,800.3,797.44,"74,430.00",787.00,"59,353,368.70",589,13.30,18.40,1.69,2.34,0.36,861.90,600.30,,
2023/06/28,151,NICA,53.38,809.0,814.0,782.0,785.5,790.95,"100,750.00",800.30,"79,687,806.30",535,-14.8,32.0,-1.85,4.09,-0.69,861.90,600.30,,
2023/07/02,156,NICA,45.99,780.0,795.4,766.0,768.5,775.66,"85,825.00",785.50,"66,570,866.60",513,-17.0,29.4,-2.16,3.84,-0.93,861.90,600.30,,
2023/07/03,151,NICA,38.22,768.5,774.0,761.0,766.0,767.23,"37,583.00",768.50,"28,834,740.20",360,-2.5,13.0,-0.33,1.71,-0.16,861.90,600.30,,
2023/07/04,152,NICA,40.72,770.0,779.0,761.0,770.0,768.22,"48,521.00",766.00,"37,274,891.60",308,4.00,18.0,0.52,2.37,0.23,861.90,600.30,,
2023/07/05,148,NICA,36.84,770.1,780.0,766.0,769.4,770.58,"56,329.00",770.00,"43,406,162.90",338,-0.6,14.00,-0.08,1.83,-0.15,861.90,600.30,,
2023/07/06,147,NICA,39.54,778.9,778.9,761.0,766.0,769.25,"37,975.00",769.40,"29,212,184.80",302,-3.4,17.90,-0.44,2.35,-0.42,861.90,600.30,,
2023/07/09,156,NICA,45.35,778.9,789.9,772.3,789.0,780.49,"43,972.00",766.00,"34,319,755.90",392,23.0,17.6,3.0,2.28,1.08,861.90,600.30,,
2023/07/10,159,NICA,47.02,794.0,797.0,785.0,788.9,790.30,"61,999.00",789.00,"48,997,684.00",399,-0.10,12.00,-0.01,1.53,-0.18,861.90,600.30,,
2023/07/11,173,NICA,64.71,502.0,513.0,490.0,508.0,504.53,"280,089.00",502.00,"141,314,159.70","1,150",6.00,23.00,1.2,4.69,0.68,852.00,341.60,417.85,449.74
2023/07/12,158,NICA,48.45,790.0,793.5,775.0,780.0,782.07,"49,480.00",783.00,"38,696,668.20",304,-3.0,18.5,-0.38,2.39,-0.26,861.90,600.30,,
2023/07/13,158,NICA,35.82,790.0,790.0,779.2,781.9,782.46,"40,669.00",780.00,"31,822,025.30",299,1.9,10.80,0.24,1.39,-0.07,861.90,600.30,,
2023/07/16,158,NICA,46.53,790.0,796.0,782.0,793.8,790.75,"48,967.00",781.90,"38,720,419.30",372,11.90,14.00,1.52,1.79,0.38,861.90,600.30,,
2023/07/17,173,NICA,64.71,502.0,513.0,490.0,508.0,504.53,"280,089.00",502.00,"141,314,159.70","1,150",6.00,23.00,1.2,4.69,0.68,852.00,341.60,417.85,449.74
2023/07/18,173,NICA,64.71,502.0,513.0,490.0,508.0,504.53,"280,089.00",502.00,"141,314,159.70","1,150",6.00,23.00,1.2,4.69,0.68,852.00,341.60,417.85,449.74
2023/07/19,142,NICA,58.42,810.0,817.0,800.0,810.0,809.75,"181,640.00",810.00,"147,082,958.60",744,0.0,17.00,0.0,2.13,0.03,861.90,600.30,,
2023/07/20,145,NICA,49.9,817.0,818.0,806.2,811.0,810.64,"67,669.00",810.00,"54,854,937.00",521,1.00,11.80,0.12,1.46,0.04,861.90,600.30,,
2023/07/23,173,NICA,64.71,502.0,513.0,490.0,508.0,504.53,"280,089.00",502.00,"141,314,159.70","1,150",6.00,23.00,1.2,4.69,0.68,852.00,341.60,417.85,449.74
2023/07/24,145,NICA,49.07,825.0,825.0,806.1,810.0,813.32,"89,524.00",822.00,"72,811,500.20",581,-12.0,18.90,-1.46,2.34,-0.41,861.90,600.30,,
2023/07/25,147,NICA,42.27,809.9,815.0,793.0,794.5,800.27,"86,821.00",810.00,"69,480,231.70",608,-15.50,22.00,-1.91,2.77,-0.73,861.90,600.30,,
2023/07/26,142,NICA,39.63,800.0,805.0,788.0,790.1,794.91,"68,079.00",794.50,"54,116,753.80",608,-4.40,17.00,-0.55,2.16,-0.61,861.90,600.30,,
2023/07/27,149,NICA,38.81,774.3,802.0,774.3,784.0,788.55,"61,909.00",790.10,"48,818,485.60",511,-6.1,27.70,-0.77,3.58,-0.58,861.90,600.30,,
2023/07/30,173,NICA,64.71,502.0,513.0,490.0,508.0,504.53,"280,089.00",502.00,"141,314,159.70","1,150",6.00,23.00,1.2,4.69,0.68,852.00,341.60,417.85,449.74
2023/07/31,145,NICA,39.36,786.0,800.0,770.3,785.0,784.15,"51,397.00",777.00,"40,303,176.70",415,8.0,29.7,1.03,3.86,0.11,861.90,600.30,,
2023/08/01,143,NICA,34.99,770.0,794.0,770.0,778.0,781.35,"48,045.00",785.00,"37,540,129.80",363,-7.00,24.00,-0.89,3.12,-0.43,861.90,600.30,,
2023/08/02,145,NICA,34.37,790.0,790.0,774.2,779.0,778.81,"34,169.00",778.00,"26,611,018.40",331,1.0,15.80,0.13,2.04,0.02,861.90,600.30,,
2023/08/03,141,NICA,46.94,790.0,793.1,782.1,789.0,787.18,"42,059.00",779.00,"33,107,873.60",315,10.0,11.0,1.28,1.41,0.23,861.90,600.30,,
2023/08/05,173,NICA,64.71,502.0,513.0,490.0,508.0,504.53,"280,089.00",502.00,"141,314,159.70","1,150",6.00,23.00,1.2,4.69,0.68,852.00,341.60,417.85,449.74
2023/08/06,145,NICA,39.0,800.0,812.0,774.0,778.0,786.81,"141,442.00",789.00,"111,288,329.70","1,138",-11.0,38.00,-1.39,4.91,-1.13,861.90,600.30,,
2023/08/07,142,NICA,44.03,770.0,786.0,770.0,775.0,777.53,"52,929.00",778.00,"41,153,680.40",428,-3.0,16.00,-0.39,2.08,-0.33,861.90,600.30,,
2023/08/08,146,NICA,31.1,775.0,784.0,770.1,770.1,774.02,"30,614.00",775.00,"23,695,943.80",332,-4.9,13.90,-0.63,1.8,-0.51,861.90,600.30,,
2023/08/09,145,NICA,34.05,771.0,785.9,770.0,785.9,776.36,"32,720.00",770.10,"25,402,527.80",277,15.8,15.90,2.05,2.06,1.21,861.90,600.30,,
2023/08/10,147,NICA,52.87,786.0,790.0,772.3,787.0,781.50,"65,038.00",785.90,"50,827,014.50",317,1.1,17.7,0.14,2.29,0.7,861.90,600.30,,
2023/08/13,143,NICA,52.75,789.0,800.0,782.0,798.0,795.46,"51,617.00",787.00,"41,059,338.70",384,11.00,18.00,1.4,2.3,0.32,861.90,600.30,,
2023/08/14,151,NICA,54.43,798.0,806.0,796.0,798.0,799.92,"69,704.00",798.00,"55,757,861.20",412,0.0,10.0,0.0,1.26,-0.24,861.90,600.30,,
2023/08/15,151,NICA,41.63,799.0,799.0,784.1,785.0,790.17,"29,917.00",798.00,"23,639,455.50",296,-13.0,14.90,-1.63,1.9,-0.66,861.90,600.30,,
2023/08/16,145,NICA,42.99,785.0,785.0,773.0,785.0,778.97,"31,107.00",785.00,"24,231,455.70",282,0.0,12.00,0.0,1.55,0.77,861.90,600.30,,
2023/08/17,146,NICA,34.93,785.0,797.0,778.0,781.9,784.60,"27,752.00",785.00,"21,774,315.30",216,-3.1,19.00,-0.39,2.44,-0.35,861.90,600.30,,
2023/08/20,146,NICA,38.12,776.1,790.0,776.1,780.0,781.11,"34,292.00",781.90,"26,785,787.90",274,-1.9,13.90,-0.24,1.79,-0.14,861.90,600.30,,
2023/08/21,148,NICA,40.86,772.0,790.0,772.0,779.0,779.10,"26,580.00",780.00,"20,708,405.00",220,-1.0,18.0,-0.13,2.33,-0.01,861.90,600.30,,
2023/08/22,153,NICA,37.48,778.5,787.0,777.1,782.0,780.88,"11,727.00",779.00,"9,157,323.30",170,3.0,9.9,0.39,1.27,0.14,861.90,600.30,,
2023/08/23,148,NICA,52.95,780.1,805.8,780.0,800.0,795.31,"48,779.00",782.00,"38,794,288.50",311,18.0,25.8,2.3,3.31,0.59,861.90,600.30,,
2023/08/24,149,NICA,51.27,800.0,807.1,794.0,794.5,800.81,"64,412.00",800.00,"51,581,791.70",533,-5.5,13.1,-0.69,1.65,-0.79,861.90,600.30,,
2023/08/27,151,NICA,44.8,789.0,794.0,782.5,790.0,789.21,"22,697.00",794.50,"17,912,807.90",236,-4.5,11.50,-0.57,1.47,0.1,861.90,600.30,,
2023/08/28,151,NICA,46.14,805.0,805.0,788.0,789.0,790.39,"23,084.00",790.00,"18,245,309.90",187,-1.0,17.0,-0.13,2.16,-0.18,861.90,600.30,,
2023/08/29,153,NICA,30.18,790.0,795.9,786.0,787.5,789.03,"18,161.00",789.00,"14,329,578.70",183,-1.5,9.9,-0.19,1.26,-0.19,861.90,600.30,,
2023/08/30,150,NICA,34.57,792.0,799.0,787.2,788.1,789.21,"33,034.00",787.50,"26,070,853.20",234,0.6,11.8,0.08,1.5,-0.14,861.90,600.30,,
2023/09/03,150,NICA,28.48,788.0,790.0,781.5,783.0,784.40,"23,300.00",788.10,"18,276,510.60",260,-5.1,8.5,-0.65,1.09,-0.18,861.90,600.30,,
2023/09/04,147,NICA,32.75,783.1,787.2,775.0,783.0,777.41,"34,063.00",783.00,"26,480,999.30",306,0.0,12.2,0.0,1.57,0.71,861.90,600.30,,
2023/09/05,173,NICA,64.71,502.0,513.0,490.0,508.0,504.53,"280,089.00",502.00,"141,314,159.70","1,150",6.00,23.00,1.2,4.69,0.68,852.00,341.60,417.85,449.74
2023/09/07,154,NICA,30.45,779.0,779.0,773.1,775.0,775.25,"29,986.00",778.80,"23,246,769.90",263,-3.8,5.9,-0.49,0.76,-0.03,861.90,600.30,,
2023/09/10,151,NICA,34.44,780.0,790.0,775.0,780.0,778.70,"27,417.00",775.00,"21,349,718.30",274,5.0,15.0,0.65,1.94,0.17,861.90,600.30,,
2023/09/11,151,NICA,54.35,780.0,805.0,778.0,798.1,797.07,"49,803.00",780.00,"39,696,687.30",447,18.1,27.0,2.32,3.47,0.13,861.90,600.30,,
2023/09/12,151,NICA,46.54,800.0,804.0,792.0,792.5,796.70,"22,370.00",798.10,"17,822,263.00",209,-5.6,12.0,-0.7,1.52,-0.53,861.90,600.30,,
2023/09/13,173,NICA,64.71,502.0,513.0,490.0,508.0,504.53,"280,089.00",502.00,"141,314,159.70","1,150",6.00,23.00,1.2,4.69,0.68,852.00,341.60,417.85,449.74
2023/09/17,153,NICA,55.69,835.3,852.0,803.1,814.0,817.07,"337,149.00",819.00,"275,473,072.90","2,231",-5.0,48.9,-0.61,6.09,-0.38,861.90,600.30,,
2023/09/18,173,NICA,64.71,502.0,513.0,490.0,508.0,504.53,"280,089.00",502.00,"141,314,159.70","1,150",6.00,23.00,1.2,4.69,0.68,852.00,341.60,417.85,449.74
2023/09/19,149,NICA,48.72,806.0,806.0,796.6,805.0,799.77,"48,207.00",805.90,"38,554,693.30",420,-0.9,9.4,-0.11,1.18,0.65,861.90,600.30,,
2023/09/21,150,NICA,44.28,819.0,819.0,799.0,800.0,805.27,"118,792.00",805.00,"95,659,559.00",690,-5.00,20.00,-0.62,2.5,-0.66,861.90,600.30,,
2023/09/24,157,NICA,39.23,807.0,813.0,795.0,797.0,799.77,"109,470.00",800.00,"87,551,009.00",836,-3.00,18.00,-0.38,2.26,-0.35,861.90,600.30,,
2023/09/25,154,NICA,37.47,800.0,807.8,791.0,792.0,794.37,"58,347.00",797.00,"46,348,829.40",522,-5.0,16.8,-0.63,2.12,-0.3,861.90,600.30,,
2023/09/26,156,NICA,44.59,800.0,800.0,782.0,788.6,787.27,"106,020.00",792.00,"83,466,224.50",902,-3.4,18.00,-0.43,2.3,0.17,861.90,605.10,,
2023/09/27,153,NICA,40.54,800.0,800.0,769.3,777.4,777.68,"79,635.00",788.60,"61,930,826.80",835,-11.2,30.7,-1.42,3.99,-0.04,861.90,605.10,,
2023/10/01,173,NICA,64.71,502.0,513.0,490.0,508.0,504.53,"280,089.00",502.00,"141,314,159.70","1,150",6.00,23.00,1.2,4.69,0.68,852.00,341.60,417.85,449.74
2023/10/02,157,NICA,43.85,765.0,766.0,756.0,761.5,759.80,"285,352.00",765.00,"216,809,141.30","2,253",-3.5,10.0,-0.46,1.32,0.22,861.90,606.00,,
2023/10/03,173,NICA,64.71,502.0,513.0,490.0,508.0,504.53,"280,089.00",502.00,"141,314,159.70","1,150",6.00,23.00,1.2,4.69,0.68,852.00,341.60,417.85,449.74
2023/10/04,154,NICA,37.2,573.0,573.0,566.1,568.0,568.20,"55,162.00",573.00,"31,343,038.80",609,-5.0,6.9,-0.87,1.22,-0.04,861.90,566.10,,
2023/10/05,149,NICA,34.13,567.0,567.0,559.0,562.0,563.33,"38,826.00",568.00,"21,871,719.50",396,-6.0,8.0,-1.06,1.43,-0.24,861.90,559.00,,
2023/10/08,158,NICA,32.35,562.0,573.0,548.1,549.0,552.89,"81,362.00",562.00,"44,984,256.50",697,-13.0,24.9,-2.31,4.54,-0.71,861.90,548.10,,
2023/10/09,156,NICA,40.12,555.0,558.0,541.0,541.9,544.01,"40,407.00",549.00,"21,981,800.30",489,-7.1,17.0,-1.29,3.14,-0.39,861.90,541.00,,
2023/10/10,152,NICA,38.44,542.9,544.0,535.3,536.0,538.86,"56,229.00",541.90,"30,299,574.80",520,-5.9,8.7,-1.09,1.63,-0.53,861.90,535.30,,
2023/10/11,157,NICA,43.51,536.3,542.9,531.0,535.0,535.21,"66,243.00",536.00,"35,453,588.70",527,-1.0,11.9,-0.19,2.24,-0.04,861.90,531.00,,
2023/10/12,159,NICA,40.22,538.0,538.0,529.0,531.0,530.94,"47,891.00",535.00,"25,427,259.20",467,-4.0,9.00,-0.75,1.7,0.01,861.90,529.00,,
2023/10/16,156,NICA,39.3,536.0,541.0,510.0,515.0,519.82,"66,053.00",531.00,"34,335,641.90",715,-16.0,31.00,-3.01,6.08,-0.94,861.90,510.00,,
2023/10/17,158,NICA,39.02,516.0,528.0,515.0,517.2,518.88,"57,459.00",515.00,"29,814,554.80",505,2.2,13.0,0.43,2.52,-0.33,861.90,510.00,,
2023/10/18,157,NICA,42.2,520.0,539.0,520.0,538.0,531.68,"31,104.00",517.20,"16,537,236.30",386,20.8,19.0,4.02,3.65,1.18,861.90,510.00,,
2023/10/19,156,NICA,43.14,538.0,546.0,532.0,542.5,540.13,"45,018.00",538.00,"24,315,475.10",407,4.5,14.0,0.84,2.63,0.44,861.90,510.00,,
2023/10/29,155,NICA,41.24,541.0,542.0,531.1,533.6,534.58,"28,904.00",542.50,"15,451,365.20",326,-8.9,10.9,-1.64,2.05,-0.18,861.90,510.00,,
2023/10/30,155,NICA,40.28,543.9,543.9,530.2,536.2,533.96,"16,196.00",533.60,"8,647,938.50",225,2.6,13.7,0.49,2.58,0.42,861.90,510.00,,
2023/10/31,159,NICA,37.68,535.1,543.0,529.0,530.0,532.15,"21,230.00",536.20,"11,297,586.60",289,-6.2,14.0,-1.16,2.65,-0.41,861.90,510.00,,
2023/11/01,161,NICA,37.57,539.7,539.7,527.0,530.0,529.07,"14,536.00",530.00,"7,690,633.80",221,0.0,12.7,0.0,2.41,0.17,861.90,510.00,,
2023/11/02,153,NICA,40.04,527.0,530.0,519.3,519.4,521.59,"26,372.00",530.00,"13,755,258.70",366,-10.6,10.7,-2.0,2.06,-0.42,861.90,510.00,,
2023/11/05,158,NICA,38.3,520.0,520.0,499.9,501.0,502.16,"60,499.00",519.40,"30,380,210.80",725,-18.4,20.1,-3.54,4.02,-0.23,861.90,499.90,,
2023/11/06,156,NICA,40.72,504.0,505.9,497.6,498.0,500.66,"42,864.00",501.00,"21,460,342.30",473,-3.0,8.3,-0.6,1.67,-0.53,861.90,497.60,,
2023/11/07,157,NICA,37.91,499.9,505.5,499.0,505.5,501.59,"28,094.00",498.00,"14,091,561.70",319,7.5,6.5,1.51,1.3,0.77,861.90,497.60,,
2023/11/08,157,NICA,36.04,505.0,509.8,502.0,502.5,504.11,"15,773.00",505.50,"7,951,356.10",223,-3.00,7.8,-0.59,1.55,-0.32,861.90,497.60,,
2023/11/09,153,NICA,39.64,512.5,512.5,498.0,499.3,500.08,"23,830.00",502.50,"11,917,008.50",283,-3.2,14.5,-0.64,2.91,-0.16,861.90,497.60,,
2023/11/20,173,NICA,64.71,502.0,513.0,490.0,508.0,504.53,"280,089.00",502.00,"141,314,159.70","1,150",6.00,23.00,1.2,4.69,0.68,852.00,341.60,417.85,449.74
2023/11/21,156,NICA,34.63,501.0,501.0,495.0,495.0,496.31,"13,252.00",500.00,"6,577,144.50",202,-5.0,6.00,-1.0,1.21,-0.27,861.90,495.00,,
2023/11/22,159,NICA,38.59,496.0,499.9,490.1,498.0,495.08,"11,581.00",495.00,"5,733,566.10",163,3.0,9.80,0.61,2.0,0.59,861.90,490.10,,
2023/11/23,160,NICA,47.53,498.0,505.0,498.0,504.0,500.21,"25,084.00",498.00,"12,547,218.20",218,6.0,7.0,1.2,1.41,0.75,861.90,490.10,,
2023/11/26,159,NICA,53.76,506.0,518.0,502.0,518.0,512.50,"31,405.00",504.00,"16,095,060.10",281,14.00,16.00,2.78,3.19,1.06,861.90,490.10,,
2023/11/27,159,NICA,50.42,520.0,527.8,510.0,513.0,515.93,"19,627.00",518.00,"10,126,142.20",240,-5.00,17.80,-0.97,3.49,-0.57,861.90,490.10,,
2023/11/28,158,NICA,44.96,508.1,514.0,508.1,511.0,510.18,"8,467.00",513.00,"4,319,655.40",140,-2.0,5.9,-0.39,1.16,0.16,861.90,490.10,,
2023/11/29,158,NICA,45.85,514.0,514.0,508.0,508.0,509.05,"8,435.00",511.00,"4,293,812.80",115,-3.00,6.00,-0.59,1.18,-0.21,861.90,490.10,,
2023/11/30,156,NICA,40.04,516.0,516.2,499.0,500.0,504.24,"42,251.00",508.00,"21,304,627.10",270,-8.0,17.20,-1.57,3.45,-0.85,861.90,490.10,,
2023/12/03,173,NICA,64.71,502.0,513.0,490.0,508.0,504.53,"280,089.00",502.00,"141,314,159.70","1,150",6.00,23.00,1.2,4.69,0.68,852.00,341.60,417.85,449.74
2023/12/04,162,NICA,39.56,495.1,502.0,495.1,497.0,498.78,"15,691.00",498.00,"7,826,379.80",207,-1.0,6.9,-0.2,1.39,-0.36,861.90,490.10,,
2023/12/05,162,NICA,42.03,497.0,500.1,495.0,498.9,497.09,"19,564.00",497.00,"9,725,129.40",220,1.90,5.10,0.38,1.03,0.36,861.90,490.10,,
2023/12/06,173,NICA,64.71,502.0,513.0,490.0,508.0,504.53,"280,089.00",502.00,"141,314,159.70","1,150",6.00,23.00,1.2,4.69,0.68,852.00,341.60,417.85,449.74
2023/12/07,164,NICA,47.19,505.0,505.0,491.0,497.5,496.17,"22,557.00",495.60,"11,192,020.70",274,1.9,14.00,0.38,2.85,0.27,861.90,490.10,,
2023/12/10,135,NICA,48.44,505.0,530.0,505.0,524.0,525.07,"6,616.00",497.50,"3,473,867.00",33,26.50,25.0,5.33,4.95,-0.2,861.90,490.10,,
2023/12/11,167,NICA,58.08,525.0,529.9,505.0,509.9,512.16,"93,195.00",524.00,"47,730,487.20",810,-14.1,24.9,-2.69,4.93,-0.44,861.90,490.10,,
2023/12/12,161,NICA,61.45,509.0,517.8,504.0,510.0,510.73,"62,527.00",509.90,"31,934,610.90",505,0.10,13.80,0.02,2.74,-0.14,861.90,490.10,,
2023/12/13,161,NICA,59.34,514.0,520.0,505.1,510.0,511.54,"57,588.00",510.00,"29,458,286.65",417,0.0,14.9,0.0,2.95,-0.3,861.90,490.10,,
2023/12/14,168,NICA,43.0,508.0,511.8,501.6,506.9,506.93,"40,832.00",510.00,"20,698,886.80",396,-3.1,10.2,-0.61,2.03,-0.01,861.90,490.10,,
2023/12/17,166,NICA,47.79,500.0,507.0,497.0,501.0,502.72,"76,166.00",506.90,"38,290,459.20",664,-5.9,10.00,-1.16,2.01,-0.34,861.90,490.10,,
2023/12/18,173,NICA,64.71,502.0,513.0,490.0,508.0,504.53,"280,089.00",502.00,"141,314,159.70","1,150",6.00,23.00,1.2,4.69,0.68,852.00,341.60,417.85,449.74
2023/12/19,172,NICA,65.21,524.0,532.0,518.0,530.0,523.20,"107,626.00",515.00,"56,310,040.00",609,15.0,14.00,2.91,2.7,1.28,861.90,490.10,,
2023/12/20,171,NICA,67.46,532.0,549.8,532.0,545.0,543.91,"99,290.00",530.00,"54,004,935.10",708,15.00,17.80,2.83,3.35,0.2,861.90,490.10,,
2023/12/21,170,NICA,64.49,545.0,555.0,530.0,532.0,537.46,"96,029.00",545.00,"51,611,930.10",621,-13.00,25.00,-2.39,4.72,-1.03,861.90,490.10,,
2023/12/24,171,NICA,63.6,530.0,540.0,521.5,528.0,531.42,"75,142.00",532.00,"39,931,658.00",522,-4.0,18.50,-0.75,3.55,-0.65,861.90,490.10,,
2023/12/27,170,NICA,49.39,523.0,530.0,519.0,520.0,523.11,"90,557.00",528.00,"47,371,343.70",604,-8.0,11.00,-1.52,2.12,-0.6,861.90,490.10,,
2023/12/28,168,NICA,46.28,520.0,525.0,511.0,512.0,516.92,"66,034.00",520.00,"34,134,473.00",501,-8.0,14.0,-1.54,2.74,-0.96,861.90,490.10,,
2024/01/01,168,NICA,41.75,515.0,524.9,512.0,513.9,516.65,"32,342.00",512.00,"16,709,614.50",393,1.9,12.9,0.37,2.52,-0.54,861.90,490.10,,
2024/01/02,170,NICA,40.92,520.0,520.0,509.0,509.9,511.27,"42,542.00",513.90,"21,750,362.80",328,-4.0,11.0,-0.78,2.16,-0.27,861.90,490.10,,
2024/01/03,173,NICA,40.85,511.0,515.0,509.0,514.1,512.68,"30,658.00",509.90,"15,717,610.50",289,4.20,6.0,0.82,1.18,0.28,861.90,490.10,,
2024/01/04,167,NICA,45.48,512.3,517.0,509.0,510.9,512.88,"51,626.00",514.10,"26,478,137.70",407,-3.20,8.00,-0.62,1.57,-0.39,861.90,490.10,,
2024/01/07,168,NICA,44.14,510.0,510.0,498.0,499.0,502.40,"111,777.00",510.90,"56,156,302.00",895,-11.9,12.0,-2.33,2.41,-0.68,861.90,490.10,,
2024/01/08,174,NICA,45.59,499.5,505.0,494.2,504.0,499.33,"94,978.00",499.00,"47,425,121.10",859,5.0,10.80,1.0,2.19,0.93,861.90,490.10,,
2024/01/09,170,NICA,42.58,514.0,514.0,506.0,507.0,509.44,"69,070.00",504.00,"35,187,049.50",592,3.0,8.0,0.6,1.58,-0.48,861.90,490.10,,
2024/01/10,163,NICA,64.02,509.0,523.0,509.0,518.0,516.94,"112,076.00",507.00,"57,936,546.70",725,11.0,14.00,2.17,2.75,0.2,861.90,490.10,,
2024/01/11,166,NICA,58.28,522.7,522.7,510.0,512.9,514.20,"50,497.00",518.00,"25,965,667.00",435,-5.10,12.7,-0.98,2.49,-0.25,861.90,490.10,,
2024/01/14,172,NICA,59.43,515.0,517.8,510.0,511.2,513.59,"53,006.00",512.90,"27,223,492.00",520,-1.7,7.8,-0.33,1.53,-0.47,861.90,490.10,,
2024/01/16,173,NICA,64.71,502.0,513.0,490.0,508.0,504.53,"280,089.00",502.00,"141,314,159.70","1,150",6.00,23.00,1.2,4.69,0.68,852.00,341.60,417.85,449.74
2024/01/17,165,NICA,47.95,516.0,525.0,507.0,512.0,517.35,"114,163.00",514.00,"59,062,600.10",889,-2.0,18.0,-0.39,3.55,-1.05,861.90,490.10,,
2024/01/18,173,NICA,64.71,502.0,513.0,490.0,508.0,504.53,"280,089.00",502.00,"141,314,159.70","1,150",6.00,23.00,1.2,4.69,0.68,852.00,341.60,417.85,449.74
2024/01/21,170,NICA,50.03,509.0,509.0,495.0,496.1,498.03,"169,221.00",509.00,"84,277,298.70","1,451",-12.9,14.00,-2.53,2.83,-0.39,861.90,490.10,,
2024/01/22,173,NICA,64.71,502.0,513.0,490.0,508.0,504.53,"280,089.00",502.00,"141,314,159.70","1,150",6.00,23.00,1.2,4.69,0.68,852.00,341.60,417.85,449.74
2024/01/23,173,NICA,64.71,502.0,513.0,490.0,508.0,504.53,"280,089.00",502.00,"141,314,159.70","1,150",6.00,23.00,1.2,4.69,0.68,852.00,341.60,417.85,449.74
2024/01/24,173,NICA,44.62,469.1,494.4,469.1,477.3,480.85,"67,640.00",478.60,"32,524,761.30",725,-1.3,25.3,-0.27,5.39,-0.74,852.00,469.10,,
2024/01/25,167,NICA,49.65,486.8,486.8,476.0,480.0,478.68,"85,602.00",477.30,"40,975,897.50",757,2.7,10.80,0.57,2.27,0.28,852.00,469.10,,
2024/01/28,173,NICA,49.61,489.0,489.0,480.0,481.0,481.23,"55,234.00",480.00,"26,580,086.40",570,1.0,9.0,0.21,1.88,-0.05,852.00,469.10,,
2024/01/29,172,NICA,52.8,482.0,483.9,478.0,479.7,480.59,"50,577.00",481.00,"24,306,624.20",558,-1.3,5.9,-0.27,1.23,-0.18,852.00,469.10,,
2024/01/30,173,NICA,64.71,502.0,513.0,490.0,508.0,504.53,"280,089.00",502.00,"141,314,159.70","1,150",6.00,23.00,1.2,4.69,0.68,852.00,341.60,417.85,449.74
2024/01/31,172,NICA,48.25,481.0,481.9,474.0,475.0,476.25,"64,290.00",479.00,"30,617,801.90",657,-4.00,7.90,-0.84,1.67,-0.26,852.00,469.10,,
2024/02/01,169,NICA,45.78,475.5,475.5,463.1,466.0,467.17,"96,457.00",475.00,"45,061,712.90","1,066",-9.0,12.4,-1.89,2.68,-0.25,852.00,463.10,,
2024/02/04,167,NICA,46.26,466.0,470.0,459.0,468.5,464.70,"71,555.00",466.00,"33,251,425.40",760,2.5,11.0,0.54,2.4,0.81,852.00,459.00,,
2024/02/05,170,NICA,46.63,471.0,476.1,469.0,474.9,473.27,"46,778.00",468.50,"22,138,782.50",468,6.4,7.1,1.37,1.51,0.34,852.00,459.00,,
2024/02/06,174,NICA,55.12,474.9,482.9,474.9,477.8,476.28,"58,942.00",474.90,"28,072,802.20",648,2.9,8.0,0.61,1.68,0.32,852.00,459.00,,
2024/02/07,171,NICA,54.41,487.3,487.3,478.6,479.0,480.13,"52,013.00",477.80,"24,972,754.90",486,1.2,8.7,0.25,1.82,-0.23,852.00,459.00,,
2024/02/08,173,NICA,64.71,502.0,513.0,490.0,508.0,504.53,"280,089.00",502.00,"141,314,159.70","1,150",6.00,23.00,1.2,4.69,0.68,852.00,341.60,417.85,449.74
2024/02/10,173,NICA,64.71,502.0,513.0,490.0,508.0,504.53,"280,089.00",502.00,"141,314,159.70","1,150",6.00,23.00,1.2,4.69,0.68,852.00,341.60,417.85,449.74
2024/02/11,168,NICA,47.1,465.2,471.0,450.8,455.1,460.56,"182,831.00",474.60,"84,204,332.10","1,840",-19.50,20.20,-4.11,4.48,-1.2,852.00,450.80,,
2024/02/12,170,NICA,49.3,450.0,455.0,439.0,450.1,444.84,"309,656.00",455.10,"137,747,398.30","2,246",-5.00,16.00,-1.1,3.64,1.17,852.00,439.00,,
2024/02/13,173,NICA,64.71,502.0,513.0,490.0,508.0,504.53,"280,089.00",502.00,"141,314,159.70","1,150",6.00,23.00,1.2,4.69,0.68,852.00,341.60,417.85,449.74
2024/02/14,164,NICA,44.84,433.1,448.0,433.1,443.0,442.50,"83,609.00",441.90,"36,997,108.20",665,1.1,14.9,0.25,3.44,0.11,852.00,433.10,,
2024/02/15,166,NICA,49.87,434.2,440.0,430.0,433.0,433.78,"200,617.00",443.00,"87,023,180.30","1,640",-10.0,10.0,-2.26,2.33,-0.18,852.00,430.00,,
2024/02/18,171,NICA,53.73,433.0,455.8,433.0,444.0,443.83,"307,692.00",433.00,"136,564,140.10","2,144",11.0,22.8,2.54,5.27,0.04,852.00,430.00,,
2024/02/20,173,NICA,64.71,502.0,513.0,490.0,508.0,504.53,"280,089.00",502.00,"141,314,159.70","1,150",6.00,23.00,1.2,4.69,0.68,852.00,341.60,417.85,449.74
2024/02/21,169,NICA,50.84,448.0,448.0,439.0,440.0,442.34,"141,689.00",442.00,"62,675,274.70",719,-2.00,9.0,-0.45,2.05,-0.53,852.00,430.00,,
2024/02/22,167,NICA,48.36,438.6,440.0,423.4,427.0,429.71,"149,028.00",440.00,"64,038,180.60","1,209",-13.00,16.6,-2.95,3.92,-0.63,852.00,423.40,,
2024/02/25,174,NICA,41.5,427.0,430.0,410.0,410.9,415.57,"176,046.00",427.00,"73,159,346.70","1,291",-16.10,20.00,-3.77,4.88,-1.14,852.00,410.00,,
2024/02/26,174,NICA,40.37,408.0,419.9,405.1,418.0,413.91,"98,421.00",410.90,"40,737,576.90",629,7.10,14.80,1.73,3.65,0.98,852.00,405.10,,
2024/02/27,173,NICA,64.71,502.0,513.0,490.0,508.0,504.53,"280,089.00",502.00,"141,314,159.70","1,150",6.00,23.00,1.2,4.69,0.68,852.00,341.60,417.85,449.74
2024/02/28,169,NICA,39.66,413.4,418.0,413.0,415.0,415.18,"36,695.00",418.50,"15,235,126.30",377,-3.50,5.00,-0.84,1.21,-0.04,852.00,405.10,,
2024/02/29,171,NICA,45.29,415.0,415.0,408.0,412.0,411.58,"109,726.00",415.00,"45,161,462.00",519,-3.00,7.00,-0.72,1.72,0.1,852.00,405.10,,
2024/03/03,169,NICA,38.31,412.0,417.0,406.0,407.0,408.64,"60,400.00",412.00,"24,681,799.00",466,-5.00,11.00,-1.21,2.71,-0.4,852.00,405.10,,
2024/03/04,173,NICA,64.71,502.0,513.0,490.0,508.0,504.53,"280,089.00",502.00,"141,314,159.70","1,150",6.00,23.00,1.2,4.69,0.68,852.00,341.60,417.85,449.74
2024/03/05,173,NICA,64.71,502.0,513.0,490.0,508.0,504.53,"280,089.00",502.00,"141,314,159.70","1,150",6.00,23.00,1.2,4.69,0.68,852.00,341.60,417.85,449.74
2024/03/06,171,NICA,48.36,421.0,424.9,411.4,418.0,417.67,"73,115.00",416.90,"30,537,859.30",473,1.1,13.50,0.26,3.28,0.08,852.00,405.10,,
2024/03/07,170,NICA,47.64,425.9,425.9,418.1,421.9,421.01,"39,804.00",418.00,"16,757,703.80",275,3.9,7.80,0.93,1.87,0.21,852.00,405.10,,
2024/03/10,169,NICA,43.21,425.0,428.9,419.5,420.0,422.28,"84,813.00",421.90,"35,815,152.10",470,-1.9,9.4,-0.45,2.24,-0.54,852.00,405.10,,
2024/03/12,170,NICA,57.12,428.4,434.0,422.0,433.5,428.06,"85,533.00",420.00,"36,612,902.90",592,13.50,12.0,3.21,2.84,1.26,852.00,405.10,,
2024/03/13,171,NICA,56.96,442.1,442.1,428.0,432.0,431.71,"84,991.00",433.50,"36,691,710.90",491,-1.5,14.1,-0.35,3.29,0.07,852.00,405.10,,
2024/03/14,167,NICA,54.17,432.0,432.9,425.1,425.1,427.90,"67,871.00",432.00,"29,042,120.50",417,-6.9,7.8,-1.6,1.83,-0.66,852.00,405.10,,
2024/03/17,167,NICA,48.85,424.2,424.2,417.0,418.0,420.62,"58,774.00",425.10,"24,721,464.70",491,-7.1,7.2,-1.67,1.73,-0.63,852.00,405.10,,
2024/03/18,173,NICA,64.71,502.0,513.0,490.0,508.0,504.53,"280,089.00",502.00,"141,314,159.70","1,150",6.00,23.00,1.2,4.69,0.68,852.00,341.60,417.85,449.74
2024/03/19,167,NICA,41.78,420.0,423.0,417.0,417.2,419.33,"20,842.00",418.20,"8,739,686.60",301,-1.0,6.00,-0.24,1.44,-0.51,852.00,405.10,,
2024/03/20,167,NICA,46.35,417.0,425.0,415.5,417.0,417.21,"41,724.00",417.20,"17,407,649.00",366,-0.20,9.50,-0.05,2.29,-0.05,852.00,405.10,,
2024/03/21,172,NICA,45.78,419.0,419.9,414.1,414.1,414.97,"28,308.00",417.00,"11,746,842.20",311,-2.90,5.80,-0.7,1.4,-0.21,852.00,405.10,,
2024/03/25,163,NICA,42.41,410.1,413.0,409.0,410.1,409.89,"71,062.00",414.10,"29,127,859.40",430,-4.00,4.00,-0.97,0.98,0.05,852.00,405.10,,
2024/03/26,173,NICA,64.71,502.0,513.0,490.0,508.0,504.53,"280,089.00",502.00,"141,314,159.70","1,150",6.00,23.00,1.2,4.69,0.68,852.00,341.60,417.85,449.74
2024/03/27,173,NICA,64.71,502.0,513.0,490.0,508.0,504.53,"280,089.00",502.00,"141,314,159.70","1,150",6.00,23.00,1.2,4.69,0.68,852.00,341.60,417.85,449.74
2024/03/28,173,NICA,40.21,413.9,414.0,407.0,410.0,409.41,"33,224.00",411.00,"13,602,227.00",330,-1.0,7.0,-0.24,1.72,0.14,852.00,405.10,,
2024/03/31,173,NICA,64.71,502.0,513.0,490.0,508.0,504.53,"280,089.00",502.00,"141,314,159.70","1,150",6.00,23.00,1.2,4.69,0.68,852.00,341.60,417.85,449.74
2024/04/01,171,NICA,35.51,410.0,412.5,405.0,407.9,407.17,"51,254.00",407.00,"20,869,305.30",320,0.9,7.5,0.22,1.85,0.18,852.00,405.00,,
2024/04/02,174,NICA,34.96,412.0,412.0,405.0,406.8,406.35,"28,130.00",407.90,"11,430,729.50",277,-1.1,7.0,-0.27,1.73,0.11,852.00,405.00,,
2024/04/03,173,NICA,46.15,410.0,410.0,399.0,402.0,401.69,"59,686.00",406.80,"23,975,302.80",565,-4.80,11.0,-1.18,2.76,0.08,852.00,399.00,,
2024/04/04,167,NICA,42.97,400.0,402.0,398.0,398.0,399.02,"61,026.00",402.00,"24,350,543.20",436,-4.0,4.00,-1.0,1.01,-0.26,852.00,398.00,,
2024/04/07,173,NICA,64.71,502.0,513.0,490.0,508.0,504.53,"280,089.00",502.00,"141,314,159.70","1,150",6.00,23.00,1.2,4.69,0.68,852.00,341.60,417.85,449.74
2024/04/09,173,NICA,64.71,502.0,513.0,490.0,508.0,504.53,"280,089.00",502.00,"141,314,159.70","1,150",6.00,23.00,1.2,4.69,0.68,852.00,341.60,417.85,449.74
2024/04/10,168,NICA,44.54,405.9,405.9,394.1,395.0,397.76,"40,657.00",398.80,"16,171,916.10",330,-3.8,11.80,-0.95,2.99,-0.7,852.00,390.30,,
2024/04/14,174,NICA,49.72,398.0,400.0,394.0,395.0,396.62,"29,072.00",395.00,"11,530,462.00",304,0.0,6.0,0.0,1.52,-0.41,852.00,390.30,,
2024/04/15,173,NICA,64.71,502.0,513.0,490.0,508.0,504.53,"280,089.00",502.00,"141,314,159.70","1,150",6.00,23.00,1.2,4.69,0.68,852.00,341.60,417.85,449.74
2024/04/16,169,NICA,45.64,389.0,393.0,387.3,390.0,390.19,"33,400.00",391.00,"13,032,506.80",330,-1.0,5.7,-0.26,1.47,-0.05,852.00,387.30,,
2024/04/18,172,NICA,42.77,390.0,390.0,383.0,385.0,384.46,"38,828.00",390.00,"14,927,701.00",363,-5.0,7.0,-1.28,1.83,0.14,852.00,383.00,,
2024/04/21,173,NICA,64.71,502.0,513.0,490.0,508.0,504.53,"280,089.00",502.00,"141,314,159.70","1,150",6.00,23.00,1.2,4.69,0.68,852.00,341.60,417.85,449.74
2024/04/22,172,NICA,42.49,372.0,373.0,357.1,358.0,363.17,"105,899.00",373.00,"38,459,763.60",839,-15.0,15.9,-4.02,4.45,-1.45,852.00,357.10,,
2024/04/24,173,NICA,64.71,502.0,513.0,490.0,508.0,504.53,"280,089.00",502.00,"141,314,159.70","1,150",6.00,23.00,1.2,4.69,0.68,852.00,341.60,417.85,449.74
2024/04/25,163,NICA,37.03,351.5,355.0,346.0,348.5,350.10,"49,901.00",351.00,"17,470,531.80",572,-2.5,9.0,-0.71,2.6,-0.46,852.00,345.00,,
2024/04/28,166,NICA,44.17,355.4,355.4,347.0,351.6,350.32,"60,351.00",348.50,"21,142,160.00",380,3.1,8.4,0.89,2.42,0.36,852.00,345.00,,
2024/04/29,171,NICA,46.22,358.6,358.6,351.6,352.0,353.03,"45,855.00",351.60,"16,188,257.00",316,0.4,7.0,0.11,1.99,-0.29,852.00,345.00,,
2024/04/30,176,NICA,56.39,359.0,365.0,351.1,363.0,358.74,"69,508.00",352.00,"24,935,148.20",456,11.00,13.90,3.13,3.96,1.17,852.00,345.00,,
2024/05/02,173,NICA,64.71,502.0,513.0,490.0,508.0,504.53,"280,089.00",502.00,"141,314,159.70","1,150",6.00,23.00,1.2,4.69,0.68,852.00,341.60,417.85,449.74
2024/05/05,172,NICA,48.86,356.1,359.0,349.0,349.0,351.29,"53,700.00",357.00,"18,864,100.20",399,-8.0,10.0,-2.24,2.87,-0.66,852.00,345.00,,
2024/05/06,169,NICA,47.03,345.1,351.9,344.6,346.9,346.15,"59,983.00",349.00,"20,763,022.10",402,-2.10,7.30,-0.6,2.12,0.22,852.00,344.60,,
2024/05/07,168,NICA,46.04,350.0,355.9,347.1,348.0,349.74,"47,490.00",346.90,"16,609,211.50",252,1.10,8.8,0.32,2.54,-0.5,852.00,344.60,,
2024/05/08,167,NICA,48.26,349.1,352.0,341.6,350.0,346.87,"47,782.00",348.00,"16,573,927.50",273,2.0,10.4,0.57,3.04,0.9,852.00,341.60,,
2024/05/09,171,NICA,48.78,345.0,352.8,345.0,350.0,350.21,"29,902.00",350.00,"10,471,855.80",251,0.0,7.80,0.0,2.26,-0.06,852.00,341.60,,
2024/05/12,166,NICA,50.59,350.0,355.0,347.0,352.0,350.76,"39,449.00",350.00,"13,837,283.50",243,2.00,8.0,0.57,2.31,0.35,852.00,341.60,,
2024/05/13,173,NICA,64.71,502.0,513.0,490.0,508.0,504.53,"280,089.00",502.00,"141,314,159.70","1,150",6.00,23.00,1.2,4.69,0.68,852.00,341.60,417.85,449.74
2024/05/14,174,NICA,56.95,368.1,369.0,356.8,365.5,361.77,"47,874.00",363.00,"17,319,347.80",342,2.5,12.2,0.69,3.42,1.02,852.00,341.60,,
2024/05/15,169,NICA,56.3,359.0,370.0,357.8,358.0,361.82,"64,416.00",365.50,"23,307,126.80",369,-7.5,12.2,-2.05,3.41,-1.07,852.00,341.60,,
2024/05/16,173,NICA,64.71,502.0,513.0,490.0,508.0,504.53,"280,089.00",502.00,"141,314,159.70","1,150",6.00,23.00,1.2,4.69,0.68,852.00,341.60,417.85,449.74
2024/05/19,173,NICA,64.71,502.0,513.0,490.0,508.0,504.53,"280,089.00",502.00,"141,314,159.70","1,150",6.00,23.00,1.2,4.69,0.68,852.00,341.60,417.85,449.74
2024/05/20,173,NICA,64.71,502.0,513.0,490.0,508.0,504.53,"280,089.00",502.00,"141,314,159.70","1,150",6.00,23.00,1.2,4.69,0.68,852.00,341.60,417.85,449.74
2024/05/21,173,NICA,64.71,502.0,513.0,490.0,508.0,504.53,"280,089.00",502.00,"141,314,159.70","1,150",6.00,23.00,1.2,4.69,0.68,852.00,341.60,417.85,449.74
2024/05/22,166,NICA,70.3,430.5,458.0,420.4,452.9,442.82,"287,668.00",429.50,"127,385,008.80","1,540",23.4,37.6,5.45,8.94,2.23,852.00,341.60,,
2024/05/26,173,NICA,64.71,502.0,513.0,490.0,508.0,504.53,"280,089.00",502.00,"141,314,159.70","1,150",6.00,23.00,1.2,4.69,0.68,852.00,341.60,417.85,449.74
2024/05/27,172,NICA,56.17,443.8,443.8,424.5,428.0,431.44,"161,570.00",435.10,"69,707,496.90",973,-7.1,19.3,-1.63,4.55,-0.8,852.00,341.60,,
2024/05/29,166,NICA,49.64,435.0,442.0,412.6,414.0,422.88,"116,281.00",428.00,"49,172,569.70",745,-14.00,29.40,-3.27,7.13,-2.14,852.00,341.60,,
2024/05/30,167,NICA,48.0,417.0,417.9,402.0,407.6,409.03,"99,271.00",414.00,"40,604,602.80",640,-6.40,15.90,-1.55,3.96,-0.35,852.00,341.60,,
2024/06/02,176,NICA,50.4,407.0,429.3,407.0,424.0,415.71,"112,458.00",407.60,"46,750,189.00",543,16.40,22.30,4.02,5.48,1.95,852.00,341.60,,
2024/06/03,169,NICA,45.55,425.0,427.1,413.0,415.1,418.42,"52,109.00",424.00,"21,803,568.40",421,-8.90,14.10,-2.1,3.41,-0.8,852.00,341.60,,
2024/06/04,166,NICA,47.49,423.4,423.4,414.0,415.5,416.95,"31,000.00",415.10,"12,925,554.60",290,0.40,9.40,0.1,2.27,-0.35,852.00,341.60,,
2024/06/05,166,NICA,46.76,415.0,415.0,407.2,412.0,410.70,"40,825.00",415.50,"16,766,865.40",284,-3.50,7.80,-0.84,1.92,0.32,852.00,341.60,,
2024/06/06,173,NICA,64.71,502.0,513.0,490.0,508.0,504.53,"280,089.00",502.00,"141,314,159.70","1,150",6.00,23.00,1.2,4.69,0.68,852.00,341.60,417.85,449.74
2024/06/07,165,NICA,-,508.0,513.0,492.0,502.0,499.30,"201,152.00",504.20,"100,434,734.20","1,213",-2.20,21.00,-0.44,4.27,0.54,852.00,341.60,417.69,449.97
2024/06/09,170,NICA,46.75,416.1,416.1,401.0,401.0,406.11,"63,378.00",408.00,"25,738,375.40",365,-7.0,15.10,-1.72,3.77,-1.27,852.00,341.60,,
2024/06/10,170,NICA,45.66,409.0,409.0,400.0,401.1,403.61,"57,100.00",401.00,"23,045,878.60",326,0.1,9.00,0.02,2.25,-0.62,852.00,341.60,,
2024/06/11,171,NICA,53.88,409.1,421.0,402.0,418.0,410.44,"71,137.00",401.10,"29,197,703.60",452,16.9,19.00,4.21,4.73,1.81,852.00,341.60,,
2024/06/12,169,NICA,54.31,425.0,425.0,418.0,418.0,420.96,"81,660.00",418.00,"34,375,632.00",414,0.0,7.0,0.0,1.67,-0.71,852.00,341.60,,
2024/06/13,173,NICA,64.71,502.0,513.0,490.0,508.0,504.53,"280,089.00",502.00,"141,314,159.70","1,150",6.00,23.00,1.2,4.69,0.68,852.00,341.60,417.85,449.74
2024/06/16,174,NICA,52.18,416.0,420.0,410.0,412.0,411.80,"69,817.00",415.10,"28,750,341.90",315,-3.1,10.0,-0.75,2.44,0.05,852.00,341.60,,
2024/06/18,170,NICA,44.76,407.0,410.0,403.0,404.0,405.92,"58,636.00",412.00,"23,801,380.50",359,-8.0,7.00,-1.94,1.74,-0.47,852.00,341.60,,
2024/06/19,166,NICA,42.64,402.0,408.0,402.0,404.0,404.90,"30,586.00",404.00,"12,384,217.50",225,0.0,6.0,0.0,1.49,-0.22,852.00,341.60,,
2024/06/20,166,NICA,34.66,412.0,412.0,401.1,401.1,402.38,"42,682.00",404.00,"17,174,518.50",279,-2.9,10.90,-0.72,2.72,-0.32,852.00,341.60,,
2024/06/23,173,NICA,64.71,502.0,513.0,490.0,508.0,504.53,"280,089.00",502.00,"141,314,159.70","1,150",6.00,23.00,1.2,4.69,0.68,852.00,341.60,417.85,449.74
2024/06/24,176,NICA,47.05,408.9,408.9,400.0,400.4,401.70,"40,516.00",403.00,"16,275,171.70",288,-2.6,8.90,-0.65,2.23,-0.32,852.00,341.60,,
2024/06/25,173,NICA,64.71,502.0,513.0,490.0,508.0,504.53,"280,089.00",502.00,"141,314,159.70","1,150",6.00,23.00,1.2,4.69,0.68,852.00,341.60,417.85,449.74
2024/06/26,164,NICA,44.25,406.0,406.0,396.6,397.0,397.65,"45,572.00",398.10,"18,121,871.90",228,-1.1,9.4,-0.28,2.37,-0.16,852.00,341.60,,
2024/06/27,173,NICA,64.71,502.0,513.0,490.0,508.0,504.53,"280,089.00",502.00,"141,314,159.70","1,150",6.00,23.00,1.2,4.69,0.68,852.00,341.60,417.85,449.74
2024/06/30,171,NICA,37.56,400.0,400.0,393.5,394.1,394.54,"45,391.00",397.00,"17,908,558.60",257,-2.9,6.50,-0.73,1.65,-0.11,852.00,341.60,,
2024/07/01,173,NICA,64.71,502.0,513.0,490.0,508.0,504.53,"280,089.00",502.00,"141,314,159.70","1,150",6.00,23.00,1.2,4.69,0.68,852.00,341.60,417.85,449.74
2024/07/02,173,NICA,64.71,502.0,513.0,490.0,508.0,504.53,"280,089.00",502.00,"141,314,159.70","1,150",6.00,23.00,1.2,4.69,0.68,852.00,341.60,417.85,449.74
2024/07/03,171,NICA,59.84,410.6,420.0,407.0,420.0,414.02,"75,714.00",418.00,"31,347,290.70",380,2.0,13.0,0.48,3.19,1.42,852.00,341.60,,
2024/07/04,171,NICA,62.31,420.1,430.1,417.0,424.6,423.87,"106,679.00",420.00,"45,217,824.30",571,4.6,13.1,1.1,3.14,0.17,852.00,341.60,,
2024/07/07,173,NICA,64.71,502.0,513.0,490.0,508.0,504.53,"280,089.00",502.00,"141,314,159.70","1,150",6.00,23.00,1.2,4.69,0.68,852.00,341.60,417.85,449.74
2024/07/08,176,NICA,52.56,430.0,434.0,426.4,427.0,428.73,"74,221.00",429.00,"31,821,000.90",384,-2.0,7.6,-0.47,1.78,-0.41,852.00,341.60,,
2024/07/09,173,NICA,57.91,425.0,435.0,422.0,433.1,428.93,"72,357.00",427.00,"31,036,007.50",381,6.1,13.0,1.43,3.08,0.96,852.00,341.60,,
2024/07/10,175,NICA,62.68,441.7,441.7,433.0,438.0,437.55,"98,818.00",433.10,"43,238,209.90",496,4.9,8.7,1.13,2.01,0.1,852.00,341.60,,
2024/07/11,173,NICA,64.71,502.0,513.0,490.0,508.0,504.53,"280,089.00",502.00,"141,314,159.70","1,150",6.00,23.00,1.2,4.69,0.68,852.00,341.60,417.85,449.74
2024/07/14,166,NICA,68.92,455.0,468.0,447.0,449.0,451.53,"157,454.00",446.10,"71,094,465.40",883,2.9,21.00,0.65,4.7,-0.56,852.00,341.60,,
2024/07/15,173,NICA,58.72,457.9,457.9,443.0,443.2,449.06,"155,082.00",449.00,"69,641,258.80",803,-5.80,14.90,-1.29,3.36,-1.32,852.00,341.60,,
2024/07/16,173,NICA,64.71,502.0,513.0,490.0,508.0,504.53,"280,089.00",502.00,"141,314,159.70","1,150",6.00,23.00,1.2,4.69,0.68,852.00,341.60,417.85,449.74
2024/07/17,167,NICA,64.39,470.2,482.4,466.0,478.6,476.05,"193,151.00",461.00,"91,949,908.80","1,167",17.60,16.40,3.82,3.52,0.53,852.00,341.60,,
2024/07/18,173,NICA,64.71,502.0,513.0,490.0,508.0,504.53,"280,089.00",502.00,"141,314,159.70","1,150",6.00,23.00,1.2,4.69,0.68,852.00,341.60,417.85,449.74
2024/07/21,168,NICA,69.68,500.0,511.0,492.5,504.2,502.90,"272,349.00",500.00,"136,963,265.50","1,490",4.2,18.50,0.84,3.76,0.26,852.00,341.60,,
2024/07/22,165,NICA,61.56,508.0,513.0,492.0,502.0,499.30,"201,152.00",504.20,"100,434,734.20","1,213",-2.20,21.00,-0.44,4.27,0.54,852.00,341.60,,
2024/07/23,173,NICA,64.71,502.0,513.0,490.0,508.0,504.53,"280,089.00",502.00,"141,314,159.70","1,150",6.00,23.00,1.2,4.69,0.68,852.00,341.60,417.85,449.74
